Address,RBN Balance,Time Left (in seconds),Penalty Ratio,Penalty Rebate,Unlock Reward Before,Penalty Reward After
0xd54f7AB07175d9eFFC4b72581517800B47ee7094,1 RBN,54885600,0.75,0 RBN,0 RBN,0 RBN
0xCeC909e109aF27C4220d8c0400Ec990126187Dce,25967 RBN,31903200,0.51,6568 RBN,12832 RBN,19400 RBN
0x741701DAcF966fFffF2D5B6D3e5Ed8ea8D216FdB,20110 RBN,1663200,0.03,265 RBN,19579 RBN,19844 RBN
0x0001f85d5eeCC0a176e6197690BaA3E62bde35c5,166 RBN,31298400,0.50,41 RBN,83 RBN,125 RBN
0x4F2769e87C7d96ED9CA72084845eE05e7dE5DdA2,3023 RBN,49442400,0.75,1134 RBN,755 RBN,1889 RBN
0x66F38834895920589f66a8EaBc2b6A543B0EcA24,16352 RBN,15573600,0.25,2019 RBN,12315 RBN,14334 RBN
0x8Af9642D07302Ef83ED392C3734E63E9dEDcA635,8888 RBN,46418400,0.74,3271 RBN,2346 RBN,5617 RBN
0xE5691DFc88e01c16F46560E1a5e6A5ebF0678BF9,48830 RBN,47023200,0.75,18203 RBN,12424 RBN,30627 RBN
0x0c4bfB585C72eC0EF88F3fC7fF9C0D05438ef9e7,5093 RBN,33717600,0.53,1362 RBN,2370 RBN,3732 RBN
0xdABb14eDD4555d0b4bAEf125ee59150C2f50C426,393 RBN,31298400,0.50,98 RBN,198 RBN,295 RBN
0x298aFe764cEaDE43bA80aC4390195E8D9451D6ef,68318 RBN,54280800,0.75,25620 RBN,17079 RBN,42699 RBN
0x16c19dcc764767909059B29cCCd0448F4C8819df,17015 RBN,31298400,0.50,4222 RBN,8571 RBN,12793 RBN
0x84f918BA377cbd0385B4Ef28F6b2b6d7E9B54a4B,10000 RBN,1058400,0.02,84 RBN,9832 RBN,9916 RBN
0x2e9BDeCe5db845063b4D7a666b6d9a4099093c32,4110 RBN,31298400,0.50,1020 RBN,2070 RBN,3090 RBN
0x78C5Dc062a541dAE7AeC891575B8e66321EeC848,3727 RBN,31298400,0.50,925 RBN,1877 RBN,2802 RBN
0x135dC3F68e9547DFED20E2276bF4E00055573f5e,7573 RBN,42184800,0.67,2533 RBN,2507 RBN,5040 RBN
0x6fFF7165CF311714E47df96588d9419ca4A703d7,6939 RBN,7711200,0.12,424 RBN,6090 RBN,6515 RBN
0x358b40BEAa062300417400e40eaA30aC8Ce316f3,3124 RBN,31298400,0.50,775 RBN,1574 RBN,2349 RBN
0xdC212554Bf38c0e8E8b2dFf80DdBa739dFdff5Da,2000000 RBN,25855200,0.41,409932 RBN,1180136 RBN,1590068 RBN
0x96043dAAf7b6637d21F67BF9B85111BA036cc879,276 RBN,31298400,0.50,69 RBN,139 RBN,207 RBN
0x6ab791754298D6D6d7C182DC1572126B4eD24897,1912 RBN,31298400,0.50,475 RBN,963 RBN,1438 RBN
0x273C25abD33EcA095e228fdE0F15E8F7eC4EB4d9,8771 RBN,31298400,0.50,2176 RBN,4418 RBN,6595 RBN
0xb470cD77568f9Aa051417b8063C83255895B0E99,12247 RBN,47023200,0.75,4566 RBN,3116 RBN,7682 RBN
0x3e541DE9da4dCC73c7Cfd225D4dA6f232D758393,4421 RBN,31903200,0.51,1118 RBN,2184 RBN,3302 RBN
0xbC68dee71fd19C6eb4028F98F3C3aB62aAD6FeF3,16615 RBN,31903200,0.51,4202 RBN,8210 RBN,12413 RBN
0x960A04f4Edb850f0B2ba4970115112Aa75B3863e,21304 RBN,31903200,0.51,5388 RBN,10528 RBN,15916 RBN
0x9EDa4c07A6857cDc617dfcB986A4cFD373fCC149,1043 RBN,31903200,0.51,264 RBN,515 RBN,779 RBN
0xbA21F872c1F3e1fAb239bf0826c694282D7E9950,30139 RBN,31298400,0.50,7478 RBN,15183 RBN,22661 RBN
0xb52ef2B0Ff95c8F7968170E1b2506b59aBE74501,4502 RBN,15573600,0.25,556 RBN,3390 RBN,3946 RBN
0xd2Be832911A252302bAc09e30Fc124A405E142DF,40000 RBN,39765600,0.63,12610 RBN,14780 RBN,27390 RBN
0x5b47b64B852354de153ff36C372Ec8EC6550F8D7,21459 RBN,31903200,0.51,5427 RBN,10604 RBN,16031 RBN
0x53AE93006A3FFB28b39f12382025BdDa6eB0f102,5772 RBN,43999200,0.70,2013 RBN,1745 RBN,3758 RBN
0xF77fcE2903675397B61d11290D1D795060D71575,5772 RBN,43999200,0.70,2013 RBN,1745 RBN,3758 RBN
0x0590E9d763bd6A73826b21dC520ae39C35a78728,1737 RBN,47628000,0.75,652 RBN,434 RBN,1086 RBN
0xfED5b6f65D42af35B87795f5C05da2AC07A8aA4e,158104 RBN,62143200,0.75,59289 RBN,39526 RBN,98815 RBN
0x0e775598456DEd6f5C3D123FbFc094DB0b08a4F6,504 RBN,31903200,0.51,127 RBN,249 RBN,376 RBN
0x81D98c8fdA0410ee3e9D7586cB949cD19FA4cf38,1100 RBN,19202400,0.30,167 RBN,765 RBN,932 RBN
0x1eAb59685f36B9EEBC1d4287C3A402035A5ee7Eb,35288 RBN,39765600,0.63,11124 RBN,13039 RBN,24163 RBN
0xEE4dB7C0c2648Cd9171d4217A1aE036D0Cae0E75,4733 RBN,31903200,0.51,1197 RBN,2339 RBN,3536 RBN
0x3c229864378b3B0adF98aE247Ca33986AED8EC1E,49258 RBN,31298400,0.50,12222 RBN,24814 RBN,37036 RBN
0xfbd451494e7B32efEFe0b3C76F19b2a24563A59f,4930 RBN,31903200,0.51,1247 RBN,2436 RBN,3683 RBN
0x461FE10ABC6Fcd8BEa56e20D36912B76CFDa8dE3,64386 RBN,53071200,0.75,24145 RBN,16096 RBN,40241 RBN
0xba1d28A156B69f0e07961E1ADfD1FBA24F249443,11000 RBN,29484000,0.47,2571 RBN,5857 RBN,8428 RBN
0x974dD3B4e5E00BC3117Fbba15E521B6B5aFC151C,175972 RBN,57304800,0.75,65990 RBN,43993 RBN,109983 RBN
0x17D60e33385700247741d8A0C2db0D4Ac28130d7,18363 RBN,31903200,0.51,4644 RBN,9074 RBN,13719 RBN
0xAB12253171A0d73df64B115cD43Fe0A32Feb9dAA,1147 RBN,453600,0.01,4 RBN,1139 RBN,1143 RBN
0xDBeF9b0a75732966C61B014E8471d5dD7C215E0F,1102 RBN,453600,0.01,4 RBN,1094 RBN,1098 RBN
0x15977e15d7b24C76f94D2902970e0F0EEDd78618,19375 RBN,31903200,0.51,4900 RBN,9574 RBN,14475 RBN
0x32ae635F5136AdB181A442Cc890be39263bC13c8,8208 RBN,31903200,0.51,2076 RBN,4056 RBN,6132 RBN
0x9b616Ac1D31F17Be9B23560d93699cA7732e2808,5000 RBN,43999200,0.70,1744 RBN,1511 RBN,3255 RBN
0x8a886aA7d37fDE5b7B3F2a4f615D18e46696cAE8,30000 RBN,31903200,0.51,7588 RBN,14825 RBN,22413 RBN
0x0fF67d2714b0FBbbEc4A87Bfe3b823c9fb3F887c,10350 RBN,31903200,0.51,2618 RBN,5114 RBN,7732 RBN
0xC1C79C6378e5A72895C8eA15fc6Dd59fFddc8dee,1027 RBN,31903200,0.51,260 RBN,507 RBN,767 RBN
0xDDb01664dabEf7e491839a7Abc62f06495AD91e7,3741 RBN,453600,0.01,13 RBN,3714 RBN,3728 RBN
0x7890bF0C1aD4B82642E788cadFf158EC96775f7a,3279 RBN,453600,0.01,12 RBN,3256 RBN,3267 RBN
0xb3a7FBC2fa38C18ad4433aE93FE7F215Fd2D057f,1398 RBN,54280800,0.75,524 RBN,349 RBN,874 RBN
0x627D31713ed554f84C5d27658D36Bb4b455daB03,7894 RBN,31903200,0.51,1997 RBN,3901 RBN,5897 RBN
0x8d452c1f4bAE385B13933c83EcFf70D74229915F,1397 RBN,31903200,0.51,353 RBN,690 RBN,1044 RBN
0x65877BE34c0c3C3A317d97028FD91bd261410026,19303 RBN,55490400,0.75,7239 RBN,4825 RBN,12064 RBN
0x1Dd01835E0Eb26ABe597e2e69FfAC1A6cd00283A,46738 RBN,31903200,0.51,11821 RBN,23096 RBN,34917 RBN
0x34F2a7f1654517fd7B52a7BE7F73F938B60e8e1A,322 RBN,453600,0.01,1 RBN,319 RBN,321 RBN
0x7D79ab8C86eEf9c6d3001822CCa2384d314db999,570 RBN,453600,0.01,2 RBN,565 RBN,567 RBN
0x575957E047d5264512aF6aE591817faD51e5e9B2,7884 RBN,44604000,0.71,2788 RBN,2308 RBN,5096 RBN
0x2Ee8670d2b936985D5fb1EE968810c155D3bB9cA,8126 RBN,31903200,0.51,2055 RBN,4016 RBN,6071 RBN
0xA4fEa54f4dD3D8aaB135CF93bCA9219f9275066f,482 RBN,453600,0.01,2 RBN,478 RBN,480 RBN
0xfd58bC678286A43cb678FFE81E85C5467A84B061,38904 RBN,453600,0.01,140 RBN,38625 RBN,38764 RBN
0x32Ab67c75c722C7c5062589D208FDC12eF246930,870 RBN,453600,0.01,3 RBN,864 RBN,867 RBN
0xf49d2bcC52F0b46a98204721f98Ce9d4e6730BEd,99999 RBN,33717600,0.53,26729 RBN,46541 RBN,73270 RBN
0x57D98609D623B9885721a58B896d40C7871E1573,16332 RBN,58514400,0.75,6125 RBN,4083 RBN,10207 RBN
0x1B95b8a82966615a084397932BCBF514E2BE6f20,5130 RBN,58514400,0.75,1924 RBN,1282 RBN,3206 RBN
0x81AcBa11a66E9EdEABaA2Ff28101153724892eB7,5486 RBN,59119200,0.75,2057 RBN,1371 RBN,3428 RBN
0x4164825Bf954E6C6401daB8d01741885f1ca28d8,3233 RBN,453600,0.01,12 RBN,3210 RBN,3221 RBN
0x309c65c98c56C4Db478Ec67D3d0c91738CbAFC36,4568 RBN,1058400,0.02,38 RBN,4492 RBN,4530 RBN
0xc47c4c896Afe31e0c37ecDb54df7836313b6504c,514 RBN,453600,0.01,2 RBN,510 RBN,512 RBN
0x6B98259456fa6ca17dF0fe5a8CfA829c30484EEe,71624 RBN,47628000,0.75,26859 RBN,17906 RBN,44765 RBN
0x99ED04C212dD3929E9063bd78B26Ef41858CB62C,19470 RBN,8316000,0.13,1284 RBN,16902 RBN,18186 RBN
0x68Dc0f7ba4eFc952B23e6caCfdf11dE87b54a909,10000 RBN,31903200,0.51,2529 RBN,4941 RBN,7471 RBN
0xf6a020960A15d942056F7F920064757A47937F1E,10 RBN,2872800,0.05,0 RBN,9 RBN,9 RBN
0x0CFdFB55841bF953097d8F41b9bfd985A6BFadD9,7819 RBN,54885600,0.75,2932 RBN,1954 RBN,4886 RBN
0x2c4Be4A8e562D636889Edc52F18019e2C2ff39e7,44491 RBN,453600,0.01,160 RBN,44171 RBN,44331 RBN
0x706568707620a44A2463ace5edac48fdc864e9C5,1799 RBN,31903200,0.51,455 RBN,889 RBN,1344 RBN
0x48444712A0B97f0775AD575B1a744Aaf54F625DC,17335 RBN,49442400,0.75,6501 RBN,4333 RBN,10834 RBN
0x643cd42f6FebBB0C6417169657161CDCc0bF4AAB,1813 RBN,31903200,0.51,459 RBN,896 RBN,1354 RBN
0x0D703ccD7DeBd7f6F4B0fFB29d2d710D19b09025,16272 RBN,50652000,0.75,6102 RBN,4068 RBN,10170 RBN
0x52dC01082fC06a78eF3910C101b7823df3277355,10208 RBN,60933600,0.75,3828 RBN,2552 RBN,6380 RBN
0x1f194C6a5B535393D28DDf8025F7F2d87dC68467,415 RBN,453600,0.01,1 RBN,412 RBN,413 RBN
0xe9ce2ed0D2bad6F082E3f346c7D52FA4B1B436da,6228 RBN,31903200,0.51,1575 RBN,3077 RBN,4653 RBN
0xB0ebEeAc1a25CC7Ba8e429D5f8fA911de3f2672B,6209 RBN,31903200,0.51,1570 RBN,3068 RBN,4639 RBN
0x1E43155529b73C06d62CE4E07e0Cafb102eed84D,3818 RBN,31903200,0.51,966 RBN,1886 RBN,2852 RBN
0x3e604b0c39E38Ab3babd79883efE6D0A266d6d85,799 RBN,31903200,0.51,202 RBN,394 RBN,596 RBN
0x1fb10dC9905C83a3Ca12e53B14FBa7E1a57e3ceb,15179 RBN,39765600,0.63,4785 RBN,5609 RBN,10394 RBN
0x8d91FA572eAc544C9a77e7c950cdD23983d90CB0,121 RBN,31903200,0.51,31 RBN,60 RBN,91 RBN
0xc851ed6F7B9E0b0bC20998c9fD6a133fe978aC1b,2160 RBN,58514400,0.75,810 RBN,540 RBN,1350 RBN
0xe569d2E298Ca4Ac8228954A985949436Cd65259B,409 RBN,58514400,0.75,154 RBN,102 RBN,255 RBN
0xc99Bcab0dAAF45F86ef8787c6577eE9d973B817F,19030 RBN,57909600,0.75,7137 RBN,4757 RBN,11894 RBN
0xDe99eA535749F02dA84D13E6F8253291e32d3a7F,5772 RBN,31903200,0.51,1460 RBN,2852 RBN,4312 RBN
0x5d81416De258Fa01CCA5072561aBF53f1aD0d453,10820 RBN,37346400,0.59,3204 RBN,4413 RBN,7617 RBN
0x29A8458b43EFf9ecA4509a50B5767AB272e5c0A1,12549 RBN,453600,0.01,45 RBN,12458 RBN,12503 RBN
0x1200Eb4fA3dF9903fC6EfF1d7A4a5D17502329b2,33692 RBN,45813600,0.73,12237 RBN,9219 RBN,21455 RBN
0xBD1f7d88C76A86C60d41bDDD4819fAe404e7151E,4500 RBN,453600,0.01,16 RBN,4467 RBN,4483 RBN
0x7E689975c768EF505ba088aBA3996D76c75Cbd56,145507 RBN,31903200,0.51,36800 RBN,71906 RBN,108706 RBN
0xc4b74Ae89Ef93E683fB4AFba8e118d730313D45A,5027 RBN,31903200,0.51,1272 RBN,2484 RBN,3756 RBN
0x975793c7A6a077221aCa4E4FB9B7f9A46378463a,6771 RBN,31903200,0.51,1712 RBN,3346 RBN,5058 RBN
0x089105eAA0C942128338766Ac27014715B222a12,1000 RBN,453600,0.01,4 RBN,992 RBN,996 RBN
0x4e5471235E5077057f1CE35938d4a5BA54Dd1487,26563 RBN,38556000,0.61,8119 RBN,10325 RBN,18444 RBN
0x8D5D013b906cee14d5CB0a4E930F1fDC4D7c124a,11000 RBN,31903200,0.51,2782 RBN,5435 RBN,8217 RBN
0xe8787b5a359c30318D9b805651D18275f33Fa1Bd,698 RBN,31903200,0.51,177 RBN,345 RBN,522 RBN
0xF41ace4CA5f9Ac383EfD6cf0f6BE544E7f7801A1,5592 RBN,453600,0.01,20 RBN,5552 RBN,5572 RBN
0xaF11495f021c5c2c5F5230f40d5d57EBe4059700,105380 RBN,40370400,0.64,33725 RBN,37929 RBN,71655 RBN
0x51C1B96Dd62954FC80092702C9b215cB57F24326,217 RBN,453600,0.01,1 RBN,216 RBN,216 RBN
0x9E1e303635910c2d398647313170b11FC41cb0dC,270269 RBN,3477600,0.06,7451 RBN,255368 RBN,262818 RBN
0x20eBE30b746fc22803DC5A8516DEaae07dddBB76,118487 RBN,57304800,0.75,44433 RBN,29621 RBN,74054 RBN
0x9f3Ef50Ea64ADAD5B33F1F8222760CFBF42007F7,607 RBN,31903200,0.51,154 RBN,300 RBN,453 RBN
0xac727f8BAe7D66a5376085768562C30Edbd2A1D2,7724 RBN,31903200,0.51,1954 RBN,3817 RBN,5771 RBN
0x5acfbbF0aA370F232E341BC0B1a40e996c960e07,9732 RBN,53071200,0.75,3650 RBN,2433 RBN,6082 RBN
0x8Ae20FaBeB608Fd307Fc1eA15A294340a547d501,444 RBN,31903200,0.51,112 RBN,219 RBN,331 RBN
0x30cB353847C13983D0576c04b2D5D762d813Cc26,10139 RBN,31903200,0.51,2564 RBN,5010 RBN,7575 RBN
0x9db1D99D1C79A3A2C0123fcd0abB13d9B7c75657,4897 RBN,8316000,0.13,323 RBN,4252 RBN,4574 RBN
0xcF63E1C31805254b6fB3Ed7829206c2b2505e3a7,169260 RBN,37346400,0.59,50112 RBN,69037 RBN,119149 RBN
0x08f53326D22840242daE403d62C866eb80c4251A,9354 RBN,55490400,0.75,3508 RBN,2338 RBN,5846 RBN
0x74e2f04DEF059397d4a3382Fd4a85dF062D75bF4,1530 RBN,31903200,0.51,387 RBN,756 RBN,1143 RBN
0x391891Af67E29D97E61E30C3036a0874F5Da411e,156759 RBN,5896800,0.09,7328 RBN,142103 RBN,149431 RBN
0xf32FC1113f4769f59984d615e91A8e94548F2790,10692 RBN,31903200,0.51,2704 RBN,5283 RBN,7988 RBN
0xB75aDA8cc810c8B1c32ef64Cf7DFF4B21B12305A,7170 RBN,57909600,0.75,2689 RBN,1792 RBN,4481 RBN
0xD589a999B7F71365939bC2a96249e2B9ea315685,5884 RBN,31903200,0.51,1488 RBN,2907 RBN,4396 RBN
0x29bb3D538C35F4dE63d9988F68Af829F07fCa513,9235 RBN,47628000,0.75,3463 RBN,2308 RBN,5772 RBN
0x5b335A6B238e13BBD00a7BC04dFe810534da02f7,3105 RBN,49442400,0.75,1165 RBN,776 RBN,1941 RBN
0xCcff041FAEb4afDa1cF84B0c082D907387291453,1685 RBN,31903200,0.51,426 RBN,832 RBN,1259 RBN
0x297b3C4B8bB87E671d31C475C5DbE434E24dFC1F,983 RBN,453600,0.01,4 RBN,976 RBN,980 RBN
0x8Aa4e298AaeA6C8e5ccca0804E9cD517Aa7BA28a,145661 RBN,2872800,0.05,3317 RBN,139026 RBN,142343 RBN
0xc5dF86124b4fb66F0Edb26AA0E9c5B2DB8f448fB,2035 RBN,31903200,0.51,515 RBN,1005 RBN,1520 RBN
0x9a777afca09C5C483082BF589552350AcCDec0f6,6276 RBN,31903200,0.51,1587 RBN,3101 RBN,4689 RBN
0xfFba44c15Fe2768bC2234078dfac8c5A651A56e9,35411 RBN,31903200,0.51,8956 RBN,17499 RBN,26455 RBN
0x9adcdC109dc88ADC2E1493829e1bdf59635A4692,94027 RBN,57909600,0.75,35260 RBN,23506 RBN,58767 RBN
0xF65312Bd492729B06Ec42589ded755d63193bbF4,2607 RBN,453600,0.01,9 RBN,2588 RBN,2598 RBN
0x62E1D5ADfB8826515DDF897BF32ae397b9735208,64636 RBN,31903200,0.51,16347 RBN,31942 RBN,48289 RBN
0x77e8e466a2B0223596671F56E6a238561c8d5bfe,108 RBN,31903200,0.51,27 RBN,53 RBN,80 RBN
0x818293cc466b91d158555FE7736aFC05E9B84d0c,2618 RBN,453600,0.01,9 RBN,2599 RBN,2608 RBN
0x2880a6bb2cD1DF6E03dC8BbFBEd009DE586c2603,21413 RBN,55490400,0.75,8030 RBN,5353 RBN,13383 RBN
0x7d7Fea3Cea7BfA805006B9CE1A842054b8490052,35886 RBN,46418400,0.74,13205 RBN,9475 RBN,22680 RBN
0x17C63868E3Ab7DA20ADcF8C27D4eE46FdeC1c325,2646 RBN,31903200,0.51,669 RBN,1307 RBN,1977 RBN
0x1D084b69F49660aAB854F0108E19D47aB7b41AE3,14268 RBN,31903200,0.51,3609 RBN,7051 RBN,10660 RBN
0x137F8A607B8dc00CfBA0f0b18d5eB8d304C88BC4,2000 RBN,31903200,0.51,506 RBN,988 RBN,1494 RBN
0x95faE816fa4d8BF01357F474A3e50009bfA40132,35004 RBN,31903200,0.51,8853 RBN,17298 RBN,26151 RBN
0x9628bE77Fb3dcd890fD93A5d039092FcA855D3cC,333 RBN,32508000,0.52,86 RBN,161 RBN,247 RBN
0x25125E438b7Ae0f9AE8511D83aBB0F4574217C7a,14000 RBN,32508000,0.52,3608 RBN,6784 RBN,10392 RBN
0x920Eb8ca79F07Eb3bFc39c324c8113948ed3104C,4387 RBN,44604000,0.71,1551 RBN,1284 RBN,2835 RBN
0x46566dA2acbAD455Fb91912483f584B6F35C42Ea,1103 RBN,32508000,0.52,284 RBN,534 RBN,819 RBN
0x7BFEe91193d9Df2Ac0bFe90191D40F23c773C060,46044 RBN,59724000,0.75,17267 RBN,11511 RBN,28778 RBN
0x8437A6D1BfEcd8710405169fa03194B3D1248F43,3205 RBN,32508000,0.52,826 RBN,1553 RBN,2379 RBN
0x9679139108B491dC26fe90f4FaA2ca656e6f8b69,1207 RBN,32508000,0.52,311 RBN,584 RBN,895 RBN
0xe15ACdBcF0ad8119576178f1f6C2dCb261c2024c,2996 RBN,11340000,0.18,269 RBN,2458 RBN,2727 RBN
0x93212F3F255F07450E2F3177cA0F24BdeE54234d,1965 RBN,32508000,0.52,507 RBN,952 RBN,1459 RBN
0x81Ba93B26bCe8cA5d649B6607DF15E6D45462D8F,189 RBN,32508000,0.52,49 RBN,91 RBN,140 RBN
0xC9d13Bdcf27B24569d02D28411a9F20852fA8A0a,200 RBN,62748000,0.75,75 RBN,50 RBN,125 RBN
0x364F7Fd945B8c76C3C77d6ac253f1fEa3B65E00d,2750 RBN,60933600,0.75,1032 RBN,687 RBN,1719 RBN
0x0C5a2C72C009252f0E7312f5a1Ab87de02be6FBE,1 RBN,32508000,0.52,0 RBN,0 RBN,0 RBN
0x35e057137060Cd397bd82e3dfF54BEba480e7012,20006 RBN,453600,0.01,72 RBN,19863 RBN,19935 RBN
0xb0B57738f1A0752d860Aa39C07955BC960284aa8,13250 RBN,32508000,0.52,3415 RBN,6420 RBN,9835 RBN
0xDF93B5ec8Eb9407F03fF14a2E2B3eE4196fcD8b0,3239 RBN,16178400,0.26,415 RBN,2408 RBN,2823 RBN
0x77B691DeC38da63B60b4adB4c153A17C18e29Ce7,2300 RBN,32508000,0.52,593 RBN,1114 RBN,1707 RBN
0x6bCdea080E39728a09B2ed69399e0253B0761b7a,79 RBN,1058400,0.02,1 RBN,78 RBN,78 RBN
0xc219CafDE6855f60dA76d9cacC3873fda65516E6,18150 RBN,34927200,0.55,5026 RBN,8099 RBN,13125 RBN
0x7B82DdcAC8d0b137A09590838057c0a9d5BaE3C3,28 RBN,1058400,0.02,0 RBN,28 RBN,28 RBN
0x03fB1fd0FEC2fB4D979b2E30a4AdFaF868f85f0F,4921 RBN,43999200,0.70,1717 RBN,1488 RBN,3204 RBN
0x47Ed49b4EAdcE83993B005Fd4456CDF66404d58d,70487 RBN,13154400,0.21,7350 RBN,55786 RBN,63136 RBN
0xD925e71b56A84f8763895A6939320a2465D2618f,1014 RBN,32508000,0.52,261 RBN,491 RBN,753 RBN
0x0fa7744874bFedFC3D67AB57253d840be685FDC2,4239 RBN,48232800,0.75,1590 RBN,1059 RBN,2649 RBN
0x02eF8147E2D0997cCA48d99f01bAD846D16558fa,15127 RBN,32508000,0.52,3899 RBN,7330 RBN,11229 RBN
0x81324A39570Bba1722A3CbE4A4CD372C24d084d4,4683 RBN,32508000,0.52,1207 RBN,2269 RBN,3476 RBN
0x8F688a91695F7D2a1E93e57cedcbf5c5202f617b,47552 RBN,32508000,0.52,12255 RBN,23043 RBN,35298 RBN
0x65B4f70084d86590c52d93Cc9080e4F4d92EA61A,4166 RBN,32508000,0.52,1074 RBN,2018 RBN,3092 RBN
0x5aBd0ffEA71DA700905C359cE0D0408Fa78D120A,9225 RBN,32508000,0.52,2377 RBN,4470 RBN,6847 RBN
0x85F15c9B2bFA79805205eD1df3570Ad0875A24b2,5624 RBN,1058400,0.02,47 RBN,5530 RBN,5577 RBN
0x704d40D9212e511842FeE1b667020a471eBe9CE0,8461 RBN,32508000,0.52,2180 RBN,4100 RBN,6280 RBN
0xb4fbd802d9dc5C0208346c311BCB6B9ECFF468C6,248 RBN,32508000,0.52,64 RBN,120 RBN,184 RBN
0xb41C77b430e7f36f8B78c5c580828a5C62FDC352,25399 RBN,1058400,0.02,213 RBN,24973 RBN,25186 RBN
0xd5d7Ec0C74c401835bD87820afC21B5a207D7eBC,20728 RBN,48232800,0.75,7773 RBN,5182 RBN,12955 RBN
0xBD49463BA31fCdbc816ebb1342c6bF1d3dee2373,10464 RBN,1058400,0.02,88 RBN,10289 RBN,10377 RBN
0x1D7A3a25Ec3Eb937A7846575cd36Ad01d67a01Dd,11155 RBN,32508000,0.52,2875 RBN,5405 RBN,8280 RBN
0xA3edae9a1FEe5CB742404ADD3836E8Eaed3dBbDb,1150 RBN,32508000,0.52,296 RBN,557 RBN,853 RBN
0x9F960AcD821C28fD9aa9b017aa361B1Ae744dCC7,1000 RBN,32508000,0.52,258 RBN,484 RBN,742 RBN
0xFda1215797D29414E588B2e62fC390Ee2949aaAA,10021 RBN,34322400,0.54,2727 RBN,4568 RBN,7294 RBN
0xDa0C6Ab78E9c730D99a5C83c574C40c5DC31aC41,1727 RBN,1058400,0.02,14 RBN,1698 RBN,1712 RBN
0x172F86ac7711f5dC024934649353BF864aF5055c,4245 RBN,24645600,0.39,830 RBN,2586 RBN,3416 RBN
0x3aF42E1100715a6E56aBcaDB3F7D700999FA6689,174 RBN,32508000,0.52,45 RBN,84 RBN,129 RBN
0x42d02f4cd48BDAC116b7E3A4895f586777948FaE,18000 RBN,32508000,0.52,4639 RBN,8722 RBN,13361 RBN
0x7527557858B4b40F9199A49aB3746179F36BD9d8,576131 RBN,58514400,0.75,216049 RBN,144032 RBN,360082 RBN
0xC233Ba744629b4004cF3d573f67A45F49cfE3C08,3144 RBN,32508000,0.52,810 RBN,1524 RBN,2334 RBN
0xf0E12c7218cB38DF7A3A231Bb91EE82F732625b6,4811 RBN,32508000,0.52,1240 RBN,2331 RBN,3571 RBN
0x4F532e0ae9954A85E5396F3E8d1876556317bFBA,24730 RBN,57909600,0.75,9274 RBN,6182 RBN,15456 RBN
0xC4b3A3c22012C3e672B781A106DFc260B78e253c,17629 RBN,32508000,0.52,4543 RBN,8543 RBN,13086 RBN
0x3f8Ae5412552128A1B3ce268fD270670859eDbEB,65 RBN,1058400,0.02,1 RBN,64 RBN,65 RBN
0x8920A5404Bc7F13A90e26d1d8Ef083E2B8BFa739,1009 RBN,13154400,0.21,105 RBN,798 RBN,904 RBN
0xD110421A743A19A6Dee233c32417c089B2684f1c,8 RBN,58514400,0.75,3 RBN,2 RBN,5 RBN
0x918558df5A12Ba43657222bbcf1a735494a5024f,36696 RBN,32508000,0.52,9457 RBN,17782 RBN,27239 RBN
0x32a59b87352e980dD6aB1bAF462696D28e63525D,6598 RBN,45208800,0.72,2365 RBN,1868 RBN,4233 RBN
0xaaFdd768fA83EF7af0e19707F2BE9d1DB1924766,7320 RBN,32508000,0.52,1887 RBN,3547 RBN,5433 RBN
0x7420cc223E132bB04ADc64Db001314Ab15439cb2,5302 RBN,48837600,0.75,1988 RBN,1325 RBN,3314 RBN
0xBEeB0A18fbc441db480bb9B7f522bB57D6ABC557,36987 RBN,32508000,0.52,9532 RBN,17923 RBN,27455 RBN
0x22322380bA90C486320CeC43620d9Dc540004586,19672 RBN,2872800,0.05,448 RBN,18776 RBN,19224 RBN
0x4d7e1eFBca2D8F54937D86Afe82700594B047432,71 RBN,1058400,0.02,1 RBN,70 RBN,71 RBN
0x113608c71593dE502ddD9253ef4F170110056829,1988 RBN,32508000,0.52,513 RBN,963 RBN,1476 RBN
0x14D903053D4FB483084385B1d2ecE8a98Cd8a9E4,1906 RBN,55490400,0.75,715 RBN,476 RBN,1191 RBN
0xA0766fD5ecd0f472dE2A77f9048653724FE2780F,36529 RBN,32508000,0.52,9414 RBN,17701 RBN,27115 RBN
0x45eBC736090424b36106c4A29714B10bB19A5C72,2805 RBN,1058400,0.02,24 RBN,2758 RBN,2782 RBN
0x628D896988f2C56921F09dF2AED3549CaC359774,20000 RBN,32508000,0.52,5154 RBN,9691 RBN,14845 RBN
0x8742abb8d67c816B577c8BdE64D7086Ac2A8bB8B,1609 RBN,1058400,0.02,14 RBN,1582 RBN,1595 RBN
0x1c2B95f72562CA72E4306C54DA7cA9dC1F7a0d4B,450 RBN,32508000,0.52,116 RBN,218 RBN,334 RBN
0x3363c43b0685eae668237e0Fc6F5248b83ad6Adb,90645 RBN,60933600,0.75,33992 RBN,22661 RBN,56653 RBN
0xF116569b3f888D639372a5485685A6D8EE28A593,2211 RBN,32508000,0.52,570 RBN,1071 RBN,1641 RBN
0xa527ec807541553Bfa5c99c1097BDa0293c7aa5e,71221 RBN,32508000,0.52,18354 RBN,34513 RBN,52867 RBN
0xC40cB966a08638d71ed4537bc2f5267558061137,14603 RBN,37346400,0.59,4323 RBN,5956 RBN,10279 RBN
0x285b7EEa81a5B66B62e7276a24c1e0F83F7409c1,54465 RBN,32508000,0.52,14036 RBN,26393 RBN,40429 RBN
0x30bF85E1d0bC7FDEDcbEeFf39225D8037cb0cb7c,4174 RBN,45208800,0.72,1496 RBN,1182 RBN,2678 RBN
0x90B3654e6EeB6b062De39008593C5f5a9843830b,1802 RBN,32508000,0.52,465 RBN,873 RBN,1338 RBN
0xa2e4E81666Dd397fd899C0f8c84c1f2F1Ba054D0,15015 RBN,32508000,0.52,3870 RBN,7276 RBN,11145 RBN
0xcF3E2Ee2b0cD1194ba33cD1c7d9614DC635a1714,20000 RBN,7106400,0.11,1127 RBN,17747 RBN,18873 RBN
0xEd9B7DA0cB47124F1A49F7F022ADb84EC738D46E,22552 RBN,2872800,0.05,514 RBN,21524 RBN,22038 RBN
0x75bBC7d37D3bf975b527CF2e99b947D61A22EF95,3855 RBN,16783200,0.27,513 RBN,2829 RBN,3342 RBN
0x50A708E5dfE836601931Af3ff6169e5F4e5536ea,7740 RBN,34322400,0.54,2106 RBN,3528 RBN,5634 RBN
0x6cC76d20646aF5e6944BC6bfE60d21EA3Fee63a5,9115 RBN,33112800,0.53,2393 RBN,4329 RBN,6722 RBN
0x23d7C2fb9F163441874d72399B28d677f47020b0,23776 RBN,33112800,0.53,6241 RBN,11293 RBN,17534 RBN
0xF4FcF85857Afaceb3C324AfBCcaD1130cCE09611,23636 RBN,1663200,0.03,312 RBN,23013 RBN,23324 RBN
0x4559D6B52b6A736684345B42d5E3ee8405991466,41694 RBN,1663200,0.03,550 RBN,40594 RBN,41144 RBN
0xF5EaF9a0086067933b056946cb768d3D78033D8F,749 RBN,1663200,0.03,10 RBN,729 RBN,739 RBN
0x9224bbB4E0fBE2f2f8fab55DEbC41Eb21fDfB804,43851 RBN,25250400,0.40,8778 RBN,26295 RBN,35073 RBN
0xEf49733d2FEBB48e9d25C1427716Ff0e21460145,5630 RBN,33112800,0.53,1478 RBN,2674 RBN,4152 RBN
0xd54A547961b4f1Ab6a61639713787402694C9212,337 RBN,1663200,0.03,4 RBN,328 RBN,332 RBN
0xAdc8f4bD423e12CE815762F3d76ec574A22fda0D,1216 RBN,1663200,0.03,16 RBN,1184 RBN,1200 RBN
0xD862f8687fd6D2CA1A327d1c2cb118C29f25D9a5,30000 RBN,33112800,0.53,7875 RBN,14250 RBN,22125 RBN
0xbebCeC6Da4A4e9E8cabA45d532A16765Ad6F489e,273825 RBN,32508000,0.52,70566 RBN,132692 RBN,203259 RBN
0x2fA11eF008c4b585CCf0A76861794aC7AE5A3a67,12188 RBN,33112800,0.53,3199 RBN,5789 RBN,8988 RBN
0x6c94dA9240be892B0FbB56a3bae4adcE618dE4f9,11966 RBN,30088800,0.48,2854 RBN,6257 RBN,9112 RBN
0x9D916Eb8DDA4Ab54573f2fD20bbe19e534a9Ce4A,5760 RBN,33112800,0.53,1512 RBN,2736 RBN,4248 RBN
0xa2D79E07e13035f33B440c33154F0A7EDf0eb9eF,24948 RBN,38556000,0.61,7625 RBN,9697 RBN,17322 RBN
0xcAb62E7D3994B0DD38A9724e695f824674Dda130,1607 RBN,33112800,0.53,422 RBN,763 RBN,1185 RBN
0xCA7A055c438cb30f748FB571418b4653eD50ed5f,99999 RBN,33112800,0.53,26250 RBN,47500 RBN,73749 RBN
0xEa36104866e8a73Ea44C8969a8a750B86267dcCf,648 RBN,1663200,0.03,9 RBN,631 RBN,639 RBN
0xCA1A7ECd9E0Cf8330f71FBf5FAcF78890644F058,12006 RBN,33112800,0.53,3152 RBN,5702 RBN,8854 RBN
0xB9eB24A2e77a18F54Ff9b7fc941ee9085A130d9D,49912 RBN,33112800,0.53,13102 RBN,23708 RBN,36810 RBN
0xF126584fb561e05072C6d0f184D9e24846A40f37,14923 RBN,48837600,0.75,5596 RBN,3730 RBN,9327 RBN
0x69BF23e3f263F369d8a4959eB8E970b8D6551F46,538 RBN,33112800,0.53,141 RBN,255 RBN,396 RBN
0x17DabEf7806c6E79F04465b03E2a24653cFfF07F,2000 RBN,1663200,0.03,26 RBN,1947 RBN,1973 RBN
0xA8325BC2e346B467ee3DA571e4ed68F4dC1CD7Ea,2000 RBN,1663200,0.03,26 RBN,1947 RBN,1973 RBN
0x20a05ae8efE1EB91BE0CD07356BC20EdA9C2E298,5772 RBN,33112800,0.53,1515 RBN,2741 RBN,4256 RBN
0x73407e93Be1d8a2c9213D908a54023e1BccEbC9b,2000 RBN,1663200,0.03,26 RBN,1947 RBN,1973 RBN
0x4b6d84A589aAa606371224Ad38dB9aEDD361368C,63 RBN,1663200,0.03,1 RBN,61 RBN,62 RBN
0x3cA31c9cfEf27fD3d5Ae59cAaDcc33B9aaF09C22,37832 RBN,33112800,0.53,9931 RBN,17970 RBN,27901 RBN
0x0c8bFC46C4fB39b6eEd7814E8830fAc0a45F8D6D,56936 RBN,37951200,0.60,17130 RBN,22677 RBN,39807 RBN
0xd76bE5Cd9aAC57eEB1AD1ed6B44fb3772bFc5186,7217 RBN,33112800,0.53,1895 RBN,3428 RBN,5323 RBN
0x70350Bc2245c256732C4F0a92FF9A8C65B6FCe5B,10000 RBN,33112800,0.53,2625 RBN,4749 RBN,7375 RBN
0x03BB5EFE308D31c1fE6eB15927471D76Bf451573,3216 RBN,33112800,0.53,844 RBN,1527 RBN,2371 RBN
0x97E4eB7f19Bc672805707c851FF15D5423149947,4829 RBN,43394400,0.69,1661 RBN,1506 RBN,3168 RBN
0x569d327288D8354F16813aFB01bBa0E60c1301f9,2112 RBN,33717600,0.53,565 RBN,983 RBN,1548 RBN
0xe9595317Dc5fE9FEa60BAD0cDb3240A82Ae8662D,109 RBN,33717600,0.53,29 RBN,50 RBN,80 RBN
0x05327ca0590E721d5af0549EC40415d05155a2a4,2157 RBN,1663200,0.03,28 RBN,2100 RBN,2128 RBN
0x9bDd638DB67a520274E8744C2705c912B4a1Aac3,633 RBN,33717600,0.53,169 RBN,294 RBN,463 RBN
0x22f5413C075Ccd56D575A54763831C4c27A37Bdb,1910 RBN,33717600,0.53,511 RBN,889 RBN,1400 RBN
0x79293291CD70Edf2663190783E0a69Dacf42CF92,41631 RBN,33717600,0.53,11128 RBN,19375 RBN,30503 RBN
0xAc5F6Ad16b9BA91D652fAec3093e49BE689fE7A5,100 RBN,33717600,0.53,27 RBN,46 RBN,73 RBN
0xD6a0DE95BD5E094a280b1681aB40e3e26AE78e22,26 RBN,33717600,0.53,7 RBN,12 RBN,19 RBN
0x66f26fE3fb9728B1B262f7716e75912c3159E951,417 RBN,33717600,0.53,112 RBN,194 RBN,306 RBN
0x15BDd87fE60E212C150d18D205766bDA86350152,18078 RBN,33717600,0.53,4832 RBN,8413 RBN,13246 RBN
0x1Eee23160Db790ee48Fd39871A64b13e76Fc2C3C,464827 RBN,26460000,0.42,97502 RBN,269822 RBN,367325 RBN
0x2891B78092310Ce8219Fe8298bb0FE7afa69F43F,3065 RBN,33717600,0.53,820 RBN,1426 RBN,2246 RBN
0x2654c613bCaB7e75ba4FB27c879A2FCCC23eC108,2894 RBN,2268000,0.04,52 RBN,2789 RBN,2841 RBN
0x42773F980C3a4AA9CdCAd465AA2988Fe38f0fB81,4000 RBN,33717600,0.53,1069 RBN,1861 RBN,2930 RBN
0xf006cB090CC69BcA84d194E072794d4815E69b3C,611 RBN,2268000,0.04,11 RBN,589 RBN,600 RBN
0x416cFADABa6EAD3f759Fc50574aB0cd342832Fb5,1853 RBN,33717600,0.53,495 RBN,862 RBN,1358 RBN
0xCB16F82E5949975f9Cf229C91c3A6D43e3B32a9E,10449 RBN,2268000,0.04,188 RBN,10074 RBN,10261 RBN
0xE2246c9a133c0a39c78B010Df6C00a2CB6337F08,5000 RBN,2268000,0.04,90 RBN,4820 RBN,4910 RBN
0x000006eee6e39015cB523AeBDD4d0B1855aBa682,7780 RBN,2268000,0.04,140 RBN,7500 RBN,7640 RBN
0x256f9C6598BdAE0068E60B59033C81254F66d84A,1517 RBN,33717600,0.53,406 RBN,706 RBN,1111 RBN
0xD7c01bb37064fB40812e2Df1204F0aD27f805067,5790 RBN,5292000,0.08,243 RBN,5304 RBN,5547 RBN
0x7c218fC943e54B82ED027cec922d364859bf1Ead,4000 RBN,33717600,0.53,1069 RBN,1861 RBN,2930 RBN
0xcDB6B70a684C7bcE56d8a82A0219AE9205d9bE2C,73 RBN,33717600,0.53,20 RBN,34 RBN,54 RBN
0x8B3095B960ee4c95954cA6E84C464B79CADFf655,6800 RBN,33717600,0.53,1818 RBN,3164 RBN,4982 RBN
0x20F9E5a17b00350F1EAF9Ad18Bc5be0D54c0bc3F,1000 RBN,33717600,0.53,267 RBN,465 RBN,732 RBN
0xf69EA6646cf682262E84cd7c67133eac59cef07b,24482 RBN,33717600,0.53,6544 RBN,11394 RBN,17938 RBN
0x5ce1B4779557996B1d2f3e1042C1789b7B7A9102,4769 RBN,28274400,0.45,1069 RBN,2631 RBN,3700 RBN
0xA7D44B434213BEcFC355048784D4C77D6447c979,23119 RBN,40975200,0.65,7510 RBN,8099 RBN,15609 RBN
0xF0677Caf030B2e7591c447eB2d332FD2Bc30e61A,11666 RBN,2268000,0.04,210 RBN,11247 RBN,11456 RBN
0xE7e21D548E8938209Aa710ebD468dc02A9573fB3,9000 RBN,2268000,0.04,162 RBN,8676 RBN,8838 RBN
0xc751Fb28553C9D482Af92F57AaaF72D79Cec70Dc,1416 RBN,2268000,0.04,25 RBN,1365 RBN,1390 RBN
0xbA9d854c4B9AE5eEF3dad86e1b65d661938b27A1,6564 RBN,34322400,0.54,1786 RBN,2992 RBN,4778 RBN
0xbe81C9958EBB744f9E5fB9c08cDBC794160e62e7,10579 RBN,34322400,0.54,2878 RBN,4822 RBN,7700 RBN
0x8F63277257A7Eead6De9Cf22f809Be1dE12A5e12,260 RBN,2268000,0.04,5 RBN,251 RBN,255 RBN
0x2A24b8e199143c3A721a906Fb1c38030da17f6d7,4322 RBN,2872800,0.05,98 RBN,4125 RBN,4224 RBN
0xf91d8Ef97D5c7c08d7453D1852168fc36aa95dA4,20287 RBN,23436000,0.37,3769 RBN,12749 RBN,16518 RBN
0xa9782643B047DE459d37a4951a1cd7cA46AA1932,100 RBN,34322400,0.54,27 RBN,45 RBN,72 RBN
0x7b523A0C714988e5C4ACaA71198ef0b52E0FB6b0,2992 RBN,51861600,0.75,1122 RBN,748 RBN,1870 RBN
0x06a6Aa05760613Ae19c73E66c545aB9d9Bb3f447,359 RBN,2872800,0.05,8 RBN,343 RBN,351 RBN
0xD0e72c1B2eb87e3DC0445b7f689CaDcFc872b293,3284 RBN,36136800,0.57,941 RBN,1402 RBN,2343 RBN
0xcf0b387A6b2b15e60E0F48e87dfe7A64B801AF26,357 RBN,34322400,0.54,97 RBN,163 RBN,260 RBN
0xE6ad0f991Ddc8630Cc03c972Fd5eA62DB8828525,23974 RBN,34322400,0.54,6523 RBN,10927 RBN,17451 RBN
0x064Cff3535Af3F7221AC5dd4e8279c8ebAdbe3fF,20673 RBN,34322400,0.54,5625 RBN,9423 RBN,15048 RBN
0x584BaA4b71b0A3fA522658128f36a6A4AbeAC2ae,21938 RBN,56700000,0.75,8227 RBN,5484 RBN,13711 RBN
0x08E1a6b795829dbeb5CC730F40c2CCAa3EAde6F4,4615 RBN,52466400,0.75,1731 RBN,1153 RBN,2884 RBN
0x5CCe088A306f6a7cf104349A80F37af217e193D3,69 RBN,2872800,0.05,2 RBN,65 RBN,67 RBN
0xf1Ecc163903FB69Cce46D408E171C89EB7Ca1899,34602 RBN,34322400,0.54,9415 RBN,15772 RBN,25187 RBN
0x0B1E9BE93579fF431F6CE58CFBC4Bfd3A98d870c,9000 RBN,34322400,0.54,2449 RBN,4102 RBN,6551 RBN
0x51340ff0165f7e848479Fdf3f837E15761d3bB6D,30 RBN,34322400,0.54,8 RBN,13 RBN,21 RBN
0xB9f3CbB487dFB6C2341e8670738f6403249b68E4,473 RBN,34322400,0.54,129 RBN,215 RBN,344 RBN
0x8397b306F3EE34b8c182507d7B66d898aE329474,19746 RBN,2872800,0.05,450 RBN,18846 RBN,19296 RBN
0x88DfA90d08049E2c0C7C43c846Aa979C0aF048Ee,1750 RBN,34322400,0.54,476 RBN,797 RBN,1273 RBN
0x741AA7CFB2c7bF2A1E7D4dA2e3Df6a56cA4131F3,4890 RBN,34322400,0.54,1331 RBN,2229 RBN,3560 RBN
0x2271e475a46AdC24e47cEDaD45aFD9Aa581eB86D,10000 RBN,2872800,0.05,228 RBN,9544 RBN,9772 RBN
0xe8118D24E5334F0b7eF0af2EFfA8Bbb0c3fc28e9,1228 RBN,34322400,0.54,334 RBN,559 RBN,894 RBN
0xE5DCBBD07e814c7751aD5C10ff540fb8fB79A543,303 RBN,2872800,0.05,7 RBN,289 RBN,296 RBN
0x858128d2F83dBb226b6cF29bffe5E7e129c3a128,5045 RBN,2872800,0.05,115 RBN,4816 RBN,4931 RBN
0x1Ec289BD5F002B7969887b8E18a1625052a67D0d,1348 RBN,3477600,0.06,37 RBN,1274 RBN,1311 RBN
0x3d44B39B94Ba1069AB4A46224FE08ca34913d06e,10295 RBN,19807200,0.31,1617 RBN,7062 RBN,8678 RBN
0xEE0e9252FA434bF28B295124636172871407aF5a,195 RBN,3477600,0.06,5 RBN,184 RBN,189 RBN
0x28057f888602dAaA089B33f6491d26370A297CF5,876 RBN,3477600,0.06,24 RBN,828 RBN,852 RBN
0x10f24FBC2a4ADDF445adf143Beb5E4236319f50B,4500 RBN,36136800,0.57,1289 RBN,1921 RBN,3210 RBN
0x050A2Af16d500bCDB5CE7a21fBD95A5C831210aB,18446 RBN,34927200,0.55,5108 RBN,8231 RBN,13339 RBN
0xcD3b77a071eC90610B90d6A232E25deB5741859F,8832 RBN,34927200,0.55,2445 RBN,3941 RBN,6386 RBN
0xADeED59F446cb0a141837e8f7c22710d759Cba65,12867 RBN,34927200,0.55,3563 RBN,5742 RBN,9304 RBN
0x717c05bb13b3B50C0996ca3067c7bF93528353A4,4387 RBN,58514400,0.75,1645 RBN,1096 RBN,2742 RBN
0x6c4ADEa8f704410d4146368203856dc4c439ACDB,302 RBN,34927200,0.55,84 RBN,134 RBN,218 RBN
0x0a27F53e3D044465D07607EF7A048E71809F295E,99 RBN,3477600,0.06,3 RBN,94 RBN,96 RBN
0x611327A78065A38f151D19eD4876610e5B3FA90f,219 RBN,34927200,0.55,61 RBN,97 RBN,158 RBN
0x09ECf3F9423d2C60869EeCE947eC8199f788d1F8,1534 RBN,58514400,0.75,576 RBN,383 RBN,959 RBN
0x8cDf1b6cfB693dB9E171A1b9DdA88C257e68638c,50008 RBN,34927200,0.55,13847 RBN,22315 RBN,36162 RBN
0x14df40586e0F2Ca5CA222DB0dAc8Df2f4C5b1AAb,1115 RBN,34927200,0.55,309 RBN,497 RBN,806 RBN
0xF7599b9237680eA12Df90CdCCC79f37956a68086,18337 RBN,50652000,0.75,6877 RBN,4584 RBN,11460 RBN
0x66AB525022C5291C0c3D7a7199a38B827586F30c,152586 RBN,2872800,0.05,3475 RBN,145636 RBN,149111 RBN
0xF7AB71f8A1e4DAB1237Ed1218Bf12c19CC51A953,11114 RBN,53676000,0.75,4168 RBN,2778 RBN,6946 RBN
0x3165dC7D1571CaA03F83f321Deb924E7F2c931a5,809 RBN,3477600,0.06,22 RBN,765 RBN,787 RBN
0x2Cc99Afaf23aA95F03c4aA2989881aA1bf5f6ba9,64 RBN,3477600,0.06,2 RBN,60 RBN,62 RBN
0x6f9BB7e454f5B3eb2310343f0E99269dC2BB8A1d,108072 RBN,59724000,0.75,40527 RBN,27018 RBN,67545 RBN
0x25Bc4CC0B6Dc2A1E67E29eb9180175c7D187cB6c,62430 RBN,34927200,0.55,17286 RBN,27858 RBN,45144 RBN
0xFd94fB2F07A4a0Cb5c8B88c7A4346DdEd36f2b1D,265 RBN,34927200,0.55,74 RBN,118 RBN,192 RBN
0x84dcCfB3F3e044229fa00e216E2829725579D97f,15000 RBN,11340000,0.18,1348 RBN,12303 RBN,13651 RBN
0x3431Fe0FC002FbB7DBFa4fce251F22966503ce11,596 RBN,34927200,0.55,165 RBN,266 RBN,431 RBN
0x8CC7355a5c07207ef6ee188F7b74757b6bAb7DAc,1000 RBN,34927200,0.55,277 RBN,446 RBN,723 RBN
0x166eff7888be941645a31dbCa9910e95a7632509,75864 RBN,50652000,0.75,28449 RBN,18966 RBN,47415 RBN
0xe6C6523Cd68E73C55958BcA91616b109B1ED061b,1036 RBN,3477600,0.06,29 RBN,979 RBN,1008 RBN
0xbeb0D8F05c5F923b80690657da949cEbd9A2BFBc,6717 RBN,11340000,0.18,604 RBN,5509 RBN,6113 RBN
0x0e43C2EBb8BbFBD724A2CCC0f8e0Ea336a00C401,1400 RBN,35532000,0.56,394 RBN,611 RBN,1005 RBN
0x9e2634834A27189f17c257081F47010E655D4C36,36120 RBN,39160800,0.62,11213 RBN,13693 RBN,24906 RBN
0x586CFe79E3bEa3830C0A1874273ED563Ab23C64C,18413 RBN,2872800,0.05,419 RBN,17574 RBN,17994 RBN
0xF84b34fdb3b4540501f06DeE054FcD204f12Cd9e,15754 RBN,12549600,0.20,1567 RBN,12619 RBN,14187 RBN
0x54C1A32bCBe78B6FC65178cdD565f23b4d5Bb132,1797 RBN,4082400,0.06,58 RBN,1681 RBN,1739 RBN
0x374866a5e867036A0575F33048523066A7d195d0,1021 RBN,26460000,0.42,214 RBN,593 RBN,807 RBN
0xf4A845aa78dADD56E075D4E6664258EA308Ba5ab,10111 RBN,35532000,0.56,2848 RBN,4414 RBN,7263 RBN
0x00008818c0EDb78F98184F01B4cB483F0044D990,35049 RBN,61538400,0.75,13144 RBN,8762 RBN,21906 RBN
0x8218db50772c025FE8375CB89900DcfE3889a4f9,974 RBN,35532000,0.56,274 RBN,425 RBN,699 RBN
0xbDfA4f4492dD7b7Cf211209C4791AF8d52BF5c50,81642 RBN,35532000,0.56,22997 RBN,35648 RBN,58645 RBN
0x824A465F17e41205496e42810B27D8c367E225A7,4000 RBN,1058400,0.02,34 RBN,3932 RBN,3966 RBN
0xC290067ef915116E31cE171097d4697Da36c8C43,18597 RBN,35532000,0.56,5239 RBN,8120 RBN,13359 RBN
0x899e6d9F1746Be441B457175F8D339ad5462C943,1611 RBN,35532000,0.56,454 RBN,703 RBN,1157 RBN
0xdF4a4221c6f875aa0Df196401253fdBf00933fEF,213 RBN,4082400,0.06,7 RBN,200 RBN,207 RBN
0x3DFE6524963a99D030cDa681450E4792b7847163,557 RBN,4082400,0.06,18 RBN,521 RBN,539 RBN
0xC79698ba9EA29D48fff7cfDfE1BBb9CBad7120e3,661 RBN,4082400,0.06,21 RBN,618 RBN,639 RBN
0x25fc3e5A398B682A1B25a3bfCC818E0242de2FfF,547 RBN,4082400,0.06,18 RBN,511 RBN,529 RBN
0xa362a6B387A80180286ef40d8e6eC6Ca2657A9fa,45104 RBN,62748000,0.75,16914 RBN,11276 RBN,28190 RBN
0x4D8b1933f8238E2486AD574a0329fd353C4486bC,18911 RBN,4082400,0.06,612 RBN,17687 RBN,18299 RBN
0xaD24Ff5b503be5b6DD3936F842A252b0843AB808,638 RBN,35532000,0.56,180 RBN,278 RBN,458 RBN
0xA4fA8199091a806e1E53fc42c8fD035E4F9bdB6a,13988 RBN,43394400,0.69,4812 RBN,4364 RBN,9176 RBN
0x31C4295E963c0c5b960C11F95412b08f8652Ee02,438 RBN,4082400,0.06,14 RBN,410 RBN,424 RBN
0x0E4a72e59127E878B51c4784f56eb299077Fd807,9253 RBN,4082400,0.06,299 RBN,8654 RBN,8953 RBN
0x799e7471c4114d466E9051f7c5f68B3F64759e3f,4825 RBN,37951200,0.60,1452 RBN,1921 RBN,3373 RBN
0x2298718F8C34aDb143BdCC017feAE24dE4a62653,20765 RBN,36136800,0.57,5949 RBN,8867 RBN,14816 RBN
0xdCDb7882172079c1a0f9e0BBe7734c4CFb4Ee91f,496 RBN,36136800,0.57,142 RBN,212 RBN,354 RBN
0x9aeD162f5E61e2e42a06D50657C7B5e085319227,304 RBN,36136800,0.57,87 RBN,130 RBN,217 RBN
0xCe9a64D8Fd62f515beFEA0DfB58376C03B111f73,738 RBN,36136800,0.57,211 RBN,315 RBN,526 RBN
0xdF2E0A3C668379e1B25901B3F719EBfD00F0BFBD,7203 RBN,36136800,0.57,2064 RBN,3076 RBN,5139 RBN
0xF16D8D189b9066fFe94ba9dF555c8DCc852B2dCB,4553 RBN,4687200,0.07,169 RBN,4214 RBN,4383 RBN
0x9a82aA6eDbC473a883B8906Bf41084c9c1B760F2,47817 RBN,36136800,0.57,13698 RBN,20420 RBN,34118 RBN
0x837F5a66635BBe255A24127A5099Ab370fFcc4c0,6635 RBN,20412000,0.32,1074 RBN,4488 RBN,5562 RBN
0x51A125F89CBE0bFBFD62FeE8a750AAeC8fabC441,7409 RBN,36136800,0.57,2123 RBN,3164 RBN,5286 RBN
0xf74736C0079773847E524Feab49b3BecbA8dF2ea,157 RBN,4687200,0.07,6 RBN,145 RBN,151 RBN
0xe7a6B9d6EC7CDEA7487D6D1d83e0fB254d7b9653,8310 RBN,30693600,0.49,2022 RBN,4266 RBN,6288 RBN
0x317DDDb30c46146e6f598Ceca82931978542dFd1,1381 RBN,36741600,0.58,402 RBN,576 RBN,979 RBN
0x9455B22685036d89874296460fB28De8A70A6a66,172164 RBN,36741600,0.58,50146 RBN,71872 RBN,122018 RBN
0x6Efd92a21517Badd12089CDcD5C04c71dC2C67e2,574 RBN,4687200,0.07,21 RBN,532 RBN,553 RBN
0x515491350701b46A54C666D18822FD7e3C44EBD8,3 RBN,36741600,0.58,1 RBN,1 RBN,2 RBN
0xf6C589402278e88E48BCD6243EF3Aa11A3Eff2d6,3 RBN,36741600,0.58,1 RBN,1 RBN,2 RBN
0xaD1f2688641D9fe17239D3625a8b6aB92AE78e89,3 RBN,36741600,0.58,1 RBN,1 RBN,2 RBN
0x486eB0e2FA31db1e30fC035bf8a37C304dA87a23,3 RBN,36741600,0.58,1 RBN,1 RBN,2 RBN
0xc9C5A0228fb686e9720cA24691e59e9410C52688,3 RBN,36741600,0.58,1 RBN,1 RBN,2 RBN
0xa64b01fD919181a4C178F64bB60fa25061b6e6a6,3 RBN,36741600,0.58,1 RBN,1 RBN,2 RBN
0xfF049EC2F92e167a0AaC6bEA0Fb11ec6A9ABFC1b,3 RBN,36741600,0.58,1 RBN,1 RBN,2 RBN
0x480BaBef0E73392B36F5D2f54C92D74135fB408a,3 RBN,36741600,0.58,1 RBN,1 RBN,2 RBN
0x8D52bAf7Fac6311bba516827c6e92a779d5A1E1A,3 RBN,36741600,0.58,1 RBN,1 RBN,2 RBN
0x4a078f95C45504349E7c8be1aF69A7e9dE73F4c4,3 RBN,36741600,0.58,1 RBN,1 RBN,2 RBN
0xA01cE2E52c17E2f98BE84D696a0bbcc9b4333D3c,3 RBN,36741600,0.58,1 RBN,1 RBN,2 RBN
0xb51758105440C85C6c9cb85FE56C45a730be6348,3 RBN,36741600,0.58,1 RBN,1 RBN,2 RBN
0x54060b2B8Ba8F2D8da1bbb3C0eD82325F42aAADE,3 RBN,36741600,0.58,1 RBN,1 RBN,2 RBN
0xdb204c626e6B62AeF46F289468C7e227199599AE,3 RBN,36741600,0.58,1 RBN,1 RBN,2 RBN
0xbA8B2042AF6c560F0264Bb2537ddC1770E67db67,3 RBN,36741600,0.58,1 RBN,1 RBN,2 RBN
0x13b02cd066B0236066b0B40DFBAc921c492ada9C,3 RBN,36741600,0.58,1 RBN,1 RBN,2 RBN
0xe59Aa2Dc6c567857f9840a6235E9048B389dA4F0,3 RBN,36741600,0.58,1 RBN,1 RBN,2 RBN
0x8F1FD58a5Ab577b228F28c4E4ce882B224991E03,6293 RBN,50047200,0.75,2360 RBN,1573 RBN,3933 RBN
0x5DE64238dA2d7A5F1949C1bb1958273C22c5EE01,50000 RBN,36741600,0.58,14563 RBN,20873 RBN,35436 RBN
0x3C0fC9D4103aBc69c4B108bA3084c84f97b3F9b7,3032 RBN,5292000,0.08,127 RBN,2777 RBN,2905 RBN
0x7C16570b6cc61a365436A2048668E940b31F9F9B,68 RBN,36741600,0.58,20 RBN,28 RBN,48 RBN
0x91f04ffE5AA427e977086746e7b9E1B997F2aFA8,9125 RBN,36741600,0.58,2658 RBN,3809 RBN,6467 RBN
0x1125917201ed36700F86c3CecEC8C5DAfAe280D1,6664 RBN,56095200,0.75,2499 RBN,1666 RBN,4165 RBN
0x688B5c7B549339922C0D2243debE2Fe921A1A488,2683 RBN,37346400,0.59,794 RBN,1094 RBN,1888 RBN
0x18842D30863C114E4C6986db4E42FD910D68E034,1000 RBN,37346400,0.59,296 RBN,408 RBN,704 RBN
0x0C1e99991dD2f7D374Bff13f9F52284CE6cfDAE5,20693 RBN,37346400,0.59,6127 RBN,8440 RBN,14567 RBN
0x7bdfE11c4981Dd4c33E1aa62457B8773253791b3,89445 RBN,50652000,0.75,33542 RBN,22361 RBN,55903 RBN
0xe7aF11370C3BaB51230D8307454350bDf6d68f4a,890 RBN,37346400,0.59,264 RBN,363 RBN,626 RBN
0x1dF4c04D9C4247bEdF051E73730C46A03C3d3050,1500 RBN,5292000,0.08,63 RBN,1374 RBN,1437 RBN
0x1A2B73207C883Ce8E51653d6A9cC8a022740cCA4,1000 RBN,5292000,0.08,42 RBN,916 RBN,958 RBN
0x52d5AA6668BD5BAc140589D71222FD4661f5e14e,7500 RBN,5292000,0.08,315 RBN,6870 RBN,7185 RBN
0x6Cd5fA7A48bA7E980b62EC27EACFDbF92009Ebc8,562 RBN,37346400,0.59,167 RBN,229 RBN,396 RBN
0xd84E11beE5D555CCd905817Cb8CBBd5b6e6C4f0D,1000 RBN,37346400,0.59,296 RBN,407 RBN,703 RBN
0x9a8c3a3E841D46148Bf4AC422c97C8740A23D197,2429 RBN,37346400,0.59,719 RBN,990 RBN,1710 RBN
0xbE74DAF0930DfaB7d8396EEad251A4a21106797D,72651 RBN,61538400,0.75,27244 RBN,18162 RBN,45407 RBN
0x22e578a305A8752ce63be2d2814676299eA70148,5645 RBN,5896800,0.09,264 RBN,5117 RBN,5381 RBN
0x856DC4a12f08AFA49f42B52F81769A96505f312C,40 RBN,37346400,0.59,12 RBN,16 RBN,28 RBN
0xa45e88303231Bcd1021A08Fb6f31a5bA3d245928,106 RBN,37346400,0.59,32 RBN,43 RBN,75 RBN
0x0Cf776d57e0223f47eD3A101927BB78D41Ad8A13,19330 RBN,60933600,0.75,7249 RBN,4832 RBN,12081 RBN
0xEb417bE70529D525485A9C71cE428166be86E8D2,23789 RBN,37346400,0.59,7043 RBN,9703 RBN,16746 RBN
0xba48Ff2445708F99d0b349b357b4B38eb40bC562,50140 RBN,37346400,0.59,14845 RBN,20451 RBN,35296 RBN
0xE25f6f61D922240ef188160175192A8E8A21c8eF,245280 RBN,5292000,0.08,10290 RBN,224700 RBN,234990 RBN
0xf14C579CcD5A476Cb6FB2388c88841AD7f0971E3,273 RBN,5896800,0.09,13 RBN,247 RBN,260 RBN
0x88401857025524b09f7708147D011a2C62Ff2F98,849 RBN,37346400,0.59,252 RBN,346 RBN,598 RBN
0xB1daD6AC501be089BBB39FD01DdFE841aA8ABd9d,4000 RBN,37346400,0.59,1184 RBN,1631 RBN,2815 RBN
0xaA6247d977d8d6C8Adda8edd14632C33c691Cb6D,1228 RBN,37346400,0.59,364 RBN,500 RBN,864 RBN
0xE3939654Deae5f54fD3e6B84b3A7F75f245062d8,50000 RBN,13759200,0.22,5454 RBN,39092 RBN,44546 RBN
0x5a333C5aAeD62aa473e404169f9f8F989bE5DBfd,1049 RBN,58514400,0.75,394 RBN,262 RBN,655 RBN
0x2b61750cC7Fa814f206b77Edc84525337D3ecde2,5772 RBN,60933600,0.75,2165 RBN,1442 RBN,3607 RBN
0xbE0AffE00De6BbdB717d2C7Af7f9fEB45311320d,400144 RBN,51861600,0.75,150054 RBN,100036 RBN,250090 RBN
0x53e213da8C28d85dc6663c3b5e35Bb0ffBb05752,19955 RBN,49442400,0.75,7483 RBN,4988 RBN,12472 RBN
0x71aDa13C8B21c5A9921E3CD4C85678f8Db90dE35,6390 RBN,5896800,0.09,299 RBN,5792 RBN,6091 RBN
0xb4e39F6D3d386E98AF0C064E087aCBC9A8F08944,7453 RBN,37346400,0.59,2207 RBN,3039 RBN,5246 RBN
0x41c0F529F559c6A3ddc324Cd86A6D0c75b50c949,289 RBN,37346400,0.59,86 RBN,118 RBN,203 RBN
0x7df990ce0c08CB7fBCb145dbF0E9beefEd34B7cF,4474 RBN,37346400,0.59,1325 RBN,1825 RBN,3149 RBN
0x18e053e62A0F1d3701585CA85DEd8c4222B00670,5771 RBN,37346400,0.59,1709 RBN,2354 RBN,4063 RBN
0x118C8a0F46deC72cea725CFb0f70CE0edd554011,19456 RBN,54885600,0.75,7296 RBN,4864 RBN,12160 RBN
0x5bfF1A68663ff91b0650327D83D4230Cd00023Ad,18299 RBN,37346400,0.59,5418 RBN,7463 RBN,12881 RBN
0xe801f929dE25077e2319de63545BA49806BCA801,27 RBN,37346400,0.59,8 RBN,11 RBN,19 RBN
0x2303fD39E04cf4D6471dF5ee945bD0E2CFb6C7a2,1439 RBN,37346400,0.59,426 RBN,587 RBN,1013 RBN
0xEbDb626C95a25f4e304336b1adcAd0521a1Bdca1,11417 RBN,37346400,0.59,3380 RBN,4656 RBN,8036 RBN
0x3707Ad3Fb74eD4C87A795894a3DE890C2bE5a9FC,6834 RBN,49442400,0.75,2563 RBN,1708 RBN,4271 RBN
0xdf67361193D52EE42CB759eb98Ce2c7978DD440E,11514 RBN,37346400,0.59,3409 RBN,4696 RBN,8105 RBN
0xf5E962C4Df3C870266aEab048335184Ee0D9ad66,90115 RBN,51861600,0.75,33793 RBN,22528 RBN,56322 RBN
0x4e1da0737dd156276DF1ec5CA48f76673D16C3B0,19972 RBN,5896800,0.09,934 RBN,18104 RBN,19038 RBN
0x12478d1a60a910C9CbFFb90648766a2bDD5918f5,19301 RBN,59724000,0.75,7238 RBN,4825 RBN,12063 RBN
0xc95C069F83b8e9eAEeBf813a4FCF6762b881E35F,51087 RBN,37951200,0.60,15370 RBN,20347 RBN,35717 RBN
0x8922353c969Ab34Bd6Fb0a9b9E069dEc56F1647f,954086 RBN,2872800,0.05,21728 RBN,910629 RBN,932358 RBN
0xd392E5d8C94bF025a0848ee82d58F947833049D2,6791 RBN,21621600,0.34,1164 RBN,4463 RBN,5627 RBN
0xbE12932340D9Af6CEe8A168DBd453B2C2F76E439,3599 RBN,37951200,0.60,1083 RBN,1433 RBN,2516 RBN
0x582c34536D7f4A2A5d96118D5D80Ba3000c6B5aF,49999 RBN,37951200,0.60,15043 RBN,19914 RBN,34957 RBN
0x75428661aD4F91f609451b72DE2603D875ff1A56,2330 RBN,37951200,0.60,701 RBN,928 RBN,1629 RBN
0xDA550482c296Cfa01a80CC0b7e379c8C13e7B6c1,237 RBN,37951200,0.60,72 RBN,94 RBN,166 RBN
0x3fBD2D9119d3b3f989D5228Ddc17Fd67b20862B9,224 RBN,6501600,0.10,12 RBN,201 RBN,212 RBN
0x2c5aBc767AB347A852112b80bf62b221f15A6Fe7,10177 RBN,37951200,0.60,3062 RBN,4053 RBN,7115 RBN
0x490E90676b7E880e0D508cCdcDf87Ea5745565dd,1474 RBN,6501600,0.10,76 RBN,1322 RBN,1398 RBN
0x6319C7639340285D53fe0be2fc5eA098C3E1a417,1014 RBN,37951200,0.60,305 RBN,403 RBN,709 RBN
0x6a74E4bc659560bc895587a33b078D904Ec62393,562 RBN,37951200,0.60,169 RBN,224 RBN,393 RBN
0x8ABA0cC08ad63A2a6C7849dB40c30128bb0916cD,1474 RBN,37951200,0.60,444 RBN,587 RBN,1030 RBN
0xE5350E927B904FdB4d2AF55C566E269BB3df1941,87948 RBN,45208800,0.72,31520 RBN,24908 RBN,56428 RBN
0x4CB6F9197c3b7e1C7B0B7B0BF39B9697a5Cf4E3F,19717 RBN,37951200,0.60,5932 RBN,7853 RBN,13785 RBN
0x8F60D79FE3dF6CD0E3a44288AD2F41Af134D813e,100525 RBN,45813600,0.73,36509 RBN,27506 RBN,64016 RBN
0x93EE78b4bFAfC05D9eB51714BfBf6C2335ec066c,2436 RBN,37951200,0.60,733 RBN,970 RBN,1703 RBN
0x80845058350B8c3Df5c3015d8a717D64B3bF9267,336998 RBN,37951200,0.60,101388 RBN,134222 RBN,235610 RBN
0xA1BA71A032bD935274223e86c6BFBaB6B815B465,113962 RBN,53071200,0.75,42736 RBN,28490 RBN,71226 RBN
0x879fbC694A0E10eaDb9DAe8FC591c02D27598880,15501 RBN,37951200,0.60,4664 RBN,6173 RBN,10837 RBN
0x97D1DEFB653643379Db57c39203EA26644984b2D,8319 RBN,62143200,0.75,3120 RBN,2079 RBN,5199 RBN
0x0ef25ad333a465910A0c469627523903A28e320a,22213 RBN,38556000,0.61,6789 RBN,8634 RBN,15423 RBN
0x6326b8D132Ae255e011Fa5107576DEeB86Abd2f3,5772 RBN,38556000,0.61,1764 RBN,2243 RBN,4007 RBN
0xF6Aa21404F079E8b8E142e91FD408A86713DC087,2346 RBN,7106400,0.11,132 RBN,2081 RBN,2213 RBN
0x78f7df4732c4aECBD92A4f8948311E8ea11C8352,4649 RBN,38556000,0.61,1421 RBN,1807 RBN,3228 RBN
0xD51D78BbBd48CBAf788826F31C147Fd4BD69e607,24999 RBN,26460000,0.42,5244 RBN,14511 RBN,19755 RBN
0x3D44F67b32454EBC1F579873EdF480FAA80Cd953,38 RBN,38556000,0.61,12 RBN,15 RBN,26 RBN
0xF2d5C3bEF55534ADE66E91Be2BA8C46E2DDd1BEE,2920 RBN,38556000,0.61,893 RBN,1135 RBN,2027 RBN
0x10d98B4809efE5E3a4269aFe6F5F4388CE4c38F1,1000 RBN,38556000,0.61,306 RBN,388 RBN,694 RBN
0x6265EF4a9f29c96e1702ea9913AaE07637Ee705a,6137 RBN,38556000,0.61,1876 RBN,2385 RBN,4261 RBN
0xb5325fB430030BB888885D80Ea0ad2611b38Ef22,315 RBN,38556000,0.61,96 RBN,122 RBN,219 RBN
0xe099d137BF40caeaAB9a8fc1C9A3a6f645667eDc,704 RBN,7106400,0.11,40 RBN,624 RBN,664 RBN
0xEd91f76F2A9E7bDbE09A6A0D76986829137A93C9,491 RBN,38556000,0.61,150 RBN,191 RBN,341 RBN
0xC55AE491E46Ce0A31e600033f430Ca177faF305a,1084 RBN,38556000,0.61,331 RBN,421 RBN,753 RBN
0x6977e753e022F65eBEb170d8267b2EA54a431523,2206 RBN,46418400,0.74,812 RBN,582 RBN,1394 RBN
0x99E2A6b3Aa40bd79F18e7E7E525292649E39b033,4984 RBN,57909600,0.75,1869 RBN,1246 RBN,3115 RBN
0xE00714751f1c79f7111bE3C72012641b30573698,9999999 RBN,39160800,0.62,3104452 RBN,3791095 RBN,6895547 RBN
0x9F6f5C875C5B03dAd822376eEb0fB006296d6f43,1474 RBN,39160800,0.62,458 RBN,558 RBN,1016 RBN
0x4D4Ef453CF782926825F5768499C7e02DaA3A9E7,2371 RBN,39160800,0.62,736 RBN,899 RBN,1635 RBN
0xC155eFbEb10AD1dEbedcd4F05DC0e669e5ba7e25,1278 RBN,19202400,0.30,195 RBN,888 RBN,1083 RBN
0x9159d34f4616F5a7F54fAEEa5943D0c665D7d10b,629257 RBN,47023200,0.75,234571 RBN,160115 RBN,394686 RBN
0xCe23d2d2E2d52B728b649518c5Fc9b45cc0Ca512,500000 RBN,39160800,0.62,155223 RBN,189554 RBN,344777 RBN
0x61fEb7fa4Aa7A7a4FE56Fbb5F39AbD3470297D94,150000 RBN,31298400,0.50,37218 RBN,75565 RBN,112783 RBN
0x34602f1B438497e2aDb436d3B05922d97A3D895e,500000 RBN,56700000,0.75,187500 RBN,125000 RBN,312500 RBN
0x8DbA03f9b5018efFc8D7620eF235760383C17f8f,10437 RBN,58514400,0.75,3914 RBN,2609 RBN,6523 RBN
0x709283020b1CcaC42413903C6DBBe3e523A4B41d,30000 RBN,50047200,0.75,11250 RBN,7499 RBN,18750 RBN
0x45D80fb72B9757f33f9A1B77730226A97C958032,223 RBN,39160800,0.62,69 RBN,84 RBN,154 RBN
0x7803Ab56769dDa5432CDbd63749a6BEeb3180008,7775 RBN,39160800,0.62,2414 RBN,2947 RBN,5361 RBN
0x94B90d0362D32AA14314D666A8968e1247508dfC,313 RBN,39765600,0.63,99 RBN,115 RBN,214 RBN
0x740c21cA7d3A4Bac00b52eB275126d81Bf2093f9,109191 RBN,45208800,0.72,39133 RBN,30925 RBN,70058 RBN
0x11d0Cb5C690bC838eFc52C621F6B48040dd000F7,1008 RBN,39765600,0.63,318 RBN,372 RBN,690 RBN
0xAf79312EB821871208ac76A80c8E282f8796964e,1369 RBN,59119200,0.75,513 RBN,342 RBN,855 RBN
0xBE1f49683B1B50d2f41B2F5a90d29820E0AB430b,3395 RBN,39765600,0.63,1070 RBN,1254 RBN,2324 RBN
0x605cd70F278bCb7168559493616c0D15359ed0D1,120416 RBN,39765600,0.63,37960 RBN,44496 RBN,82456 RBN
0xA9Ec08edd196B91Bc9177420137804bE1D6EfDa0,3466 RBN,52466400,0.75,1300 RBN,866 RBN,2166 RBN
0xC3D2Bc827b2DDddEE0eC1917a898024E66D4EB83,11574 RBN,40370400,0.64,3704 RBN,4165 RBN,7870 RBN
0xAE8cE6Bb2B95684f57c097B407f4e9B55D9CA432,111323 RBN,8920800,0.14,7873 RBN,95577 RBN,103450 RBN
0x8d5c9Df9b7899BB8031eBb6C0c3b6e3962A24e04,1939374 RBN,36741600,0.58,564876 RBN,809622 RBN,1374498 RBN
0x8fe3aD6de766EbE60629A3972298A1F7304557F1,23687 RBN,40370400,0.64,7581 RBN,8525 RBN,16106 RBN
0x584b3Fb21ACD106b12A695068e07e6EbC3DB9D6b,82 RBN,8920800,0.14,6 RBN,70 RBN,76 RBN
0x7d112a6724DFe4506a3bbfa29DeD117Bf8d332a4,801 RBN,40370400,0.64,257 RBN,288 RBN,545 RBN
0x7c84727B2bF556BCa3b77dc18Fb9cA17e024242C,12106 RBN,40370400,0.64,3875 RBN,4357 RBN,8232 RBN
0x7944642920Df33BAE461f86Aa0cd0b4B8284330E,250671 RBN,40370400,0.64,80224 RBN,90224 RBN,170448 RBN
0x6C6C4877308e1EFCaEf184f71A56012b894A469E,7317 RBN,48232800,0.75,2744 RBN,1829 RBN,4573 RBN
0xD1ccC963eF8119D935EdEB42e651f0cd81B83B77,5772 RBN,8920800,0.14,408 RBN,4955 RBN,5363 RBN
0xF3bfe0Bb0Dab720ea251DdE573FE1d16C9145E1E,153706 RBN,40975200,0.65,49928 RBN,53849 RBN,103778 RBN
0x8934d2c764570b0A9C0DFFdD7C376Db06f957fA7,1273 RBN,40975200,0.65,414 RBN,446 RBN,860 RBN
0x39635098BB4bA04388508E1Ed1dacf18B372D525,161045 RBN,56095200,0.75,60392 RBN,40261 RBN,100653 RBN
0x3faE23168f8f8d79bf3D24CC64bF34F2399B8715,5491 RBN,9525600,0.15,415 RBN,4661 RBN,5076 RBN
0x8b71451681500a49D1e82E617a13898dfae91e7B,1290 RBN,40975200,0.65,419 RBN,452 RBN,871 RBN
0xd6e3E771A271C7D773583F9770Fc112aF15a916f,900 RBN,9525600,0.15,68 RBN,764 RBN,832 RBN
0x57A78222b02b05A2341d5dcfa9A68A2d314ccfeE,14031 RBN,40975200,0.65,4558 RBN,4915 RBN,9473 RBN
0x40aa3E443B3667f5F8b8048FEc89262BBf0171c5,680000 RBN,55490400,0.75,255000 RBN,170000 RBN,425000 RBN
0x73051a64044FEa61A6100eB0b55C9087BE32ccA3,199999 RBN,40975200,0.65,64966 RBN,70068 RBN,135034 RBN
0x2400a45243e6B13dbaF549FCAc88Eda203df80D2,1995 RBN,42789600,0.68,677 RBN,641 RBN,1318 RBN
0x530deFD6c816809F54F6CfA6FE873646F6EcF930,19889 RBN,53071200,0.75,7459 RBN,4972 RBN,12430 RBN
0x6B49a8085B04AAD974a1aBBC29B54C6dE5E242B5,2534 RBN,41580000,0.66,835 RBN,863 RBN,1698 RBN
0x62F9B12D78e5Cee61Dd364aea433024eD3e2d57c,64 RBN,41580000,0.66,21 RBN,22 RBN,43 RBN
0x7303D0643Fe6B91EC8A2E05Dbf5029cC1CCCcBCd,972 RBN,10130400,0.16,78 RBN,815 RBN,894 RBN
0x928FFAdD999076a0316576a2C26d5728062f53f3,1500 RBN,10130400,0.16,120 RBN,1259 RBN,1379 RBN
0xf8b23F746C1D8f11818dB6BF28EF857c693C9DD1,1614 RBN,41580000,0.66,532 RBN,550 RBN,1082 RBN
0x2fCecD1a122E5E218F57348e43b377c92740BeBb,22366 RBN,42184800,0.67,7480 RBN,7406 RBN,14886 RBN
0x996f047f5ca79c7a1cFb92a534Add66520D9C2b1,38593 RBN,42184800,0.67,12906 RBN,12780 RBN,25686 RBN
0x2AF7b240a39e8A5Da07dbBB12d327c878165afb6,12561 RBN,10735200,0.17,1069 RBN,10423 RBN,11492 RBN
0x12D220FbDA92a9c8f281eA02871aFA70DfDe81e9,8930 RBN,42184800,0.67,2987 RBN,2957 RBN,5944 RBN
0xdef20aa8670698686625a24fBd5Ce109a4EF4724,2356 RBN,42184800,0.67,788 RBN,780 RBN,1568 RBN
0x8b478359B5593747473e67f78B1f0048C1C523eD,350 RBN,42184800,0.67,117 RBN,115 RBN,232 RBN
0x3fA8D30e3963042C0Bc05853bFEb3f524A6cbB4A,8717 RBN,10735200,0.17,742 RBN,7233 RBN,7975 RBN
0xCa41A5FccF73D0793BdF8657ED4010ec40F10F2C,19032 RBN,42184800,0.67,6365 RBN,6302 RBN,12667 RBN
0x3abE492925611C4a6F1Da4Fc62e30BB48f5FCd91,7714 RBN,42789600,0.68,2617 RBN,2480 RBN,5097 RBN
0x98F8193394791fA8A34237f8216D236405acbF4c,500 RBN,11340000,0.18,45 RBN,410 RBN,455 RBN
0xF87942ce59eDeF3A99a1Ed0B9CDd05377D5E08d0,3047 RBN,42789600,0.68,1034 RBN,980 RBN,2014 RBN
0x943228378d4F29252Ddd317FAeE5b86E01cfF2B1,4217 RBN,42789600,0.68,1431 RBN,1356 RBN,2786 RBN
0x4D3dfa9562f091dBC822eeF1DDeC178F6329fC34,1020 RBN,42789600,0.68,346 RBN,328 RBN,674 RBN
0x90eB355a85ea5324529224945bB55F1960dA1b47,5038 RBN,42789600,0.68,1709 RBN,1620 RBN,3329 RBN
0x8Ac5c1CbaFc564Fbd01Ee4b116DeA85e6A593aB4,502 RBN,42789600,0.68,171 RBN,161 RBN,332 RBN
0x138ac110804cd66BcaA15B461326e73055F9F5F8,420 RBN,42789600,0.68,143 RBN,135 RBN,278 RBN
0xa9F35569977eC3098D0018a6F8F578c237F6f76b,1976 RBN,13759200,0.22,216 RBN,1545 RBN,1760 RBN
0x2197cd0CF54E627419a3Eda7189f25Eb2186A468,8245 RBN,42789600,0.68,2797 RBN,2651 RBN,5448 RBN
0x51C58fa771505D0DEfb1A98C1De2C31994ABfc3A,4968 RBN,42789600,0.68,1685 RBN,1597 RBN,3283 RBN
0xF5d9CD9bC51a0A59598a5Bcd8eB6440002BE3e64,301 RBN,42789600,0.68,102 RBN,96 RBN,199 RBN
0x364800dC3a300451cf0b59169Dea6EEee05c45d7,10000 RBN,59119200,0.75,3750 RBN,2500 RBN,6250 RBN
0x6cD6604bEf8786bA11d5B04777916d3dDFA313fd,20092 RBN,42789600,0.68,6816 RBN,6461 RBN,13276 RBN
0x9E20E559fc0c2437709257A67B895480e55213d8,6762 RBN,43394400,0.69,2326 RBN,2109 RBN,4436 RBN
0xB4dC4C7460c58E7652Cd615675a1F707EbB67E9a,500 RBN,14968800,0.24,59 RBN,381 RBN,440 RBN
0x04Be74F44E452F2fE6c757F19F90B92cfC9f9aEA,19208 RBN,43394400,0.69,6608 RBN,5992 RBN,12600 RBN
0xC41a57f9B87494c57Aa557578B08d75D44E9E737,14158 RBN,58514400,0.75,5309 RBN,3539 RBN,8848 RBN
0x5701068cA0bA0338a5B64e8F59d5ae661e9eCfc0,1000 RBN,43394400,0.69,344 RBN,311 RBN,655 RBN
0x74f2FeF5D1C24f8b7237740A507A97098615a0a6,75957 RBN,43394400,0.69,26130 RBN,23697 RBN,49827 RBN
0xe65130C719584A68D48e2968E79e19d5dAf1e983,1698 RBN,43999200,0.70,592 RBN,513 RBN,1105 RBN
0x6CE3aC74ef6AbFC13d811bdC6A2B7A6454cE0d07,1213 RBN,43999200,0.70,423 RBN,366 RBN,790 RBN
0xA558139E7eD8e2926Ca0ABe3c84c9506155E7092,481 RBN,43999200,0.70,168 RBN,145 RBN,313 RBN
0x2Fcf87fC895a79A697e79756B53720b351C4f761,1023 RBN,13154400,0.21,107 RBN,810 RBN,917 RBN
0xDd74a5f502167c1bdd88968D058834170175277B,4559 RBN,13154400,0.21,475 RBN,3608 RBN,4083 RBN
0x0888613C35A6339f82B4fAcEc48a1Bb9bcc8a9eD,299 RBN,13154400,0.21,31 RBN,237 RBN,268 RBN
0x2c145f7e559eB9Cecfe13141246971Ad888c072c,356 RBN,44604000,0.71,126 RBN,104 RBN,230 RBN
0x8Bcf390296E830B637D76c3Deaaf3d40a20e4B67,4000 RBN,13154400,0.21,417 RBN,3165 RBN,3582 RBN
0x755611a5f073138Dd9b60131122051526629982c,154 RBN,45208800,0.72,55 RBN,43 RBN,99 RBN
0x2eB6A0a495e21139f3b831812028Dac03f9543E4,1668 RBN,45208800,0.72,598 RBN,472 RBN,1070 RBN
0xc8e7817C4AC86EF3aFC525F150091391205b727C,122 RBN,45813600,0.73,44 RBN,33 RBN,77 RBN
0x794783dcFCac8c1944727057A3208d8F8bB91506,15851 RBN,29484000,0.47,3705 RBN,8441 RBN,12146 RBN
0x09CF50574504d9dcf127E848A6058e8e0Bb814Aa,194650 RBN,45813600,0.73,70694 RBN,53262 RBN,123956 RBN
0x8FA83B18d76001f11EEf1499112Ff6d56CB5bf1a,300 RBN,14364000,0.23,34 RBN,231 RBN,266 RBN
0x31fd01BEb2CaEa630f0aEEb92D6c7b2dBa75F5DE,1195 RBN,1663200,0.03,16 RBN,1164 RBN,1180 RBN
0xB2043c543bb60Fb7AA7265CdcA359A35C4Bc09fa,940 RBN,45813600,0.73,341 RBN,257 RBN,598 RBN
0x3E7393C1717b59544517579d224317197b71346b,6120 RBN,58514400,0.75,2295 RBN,1530 RBN,3825 RBN
0xbb5b712875983E59B904DC51f32E9F1D93b9CA2E,3 RBN,46418400,0.74,1 RBN,0 RBN,2 RBN
0x73b843d33e0c82292A9931C8ca859b47a30020Bb,50 RBN,46418400,0.74,19 RBN,13 RBN,31 RBN
0xD4F9690Fef8Fb90Fe83Ac81dC06F346E496B4a25,948 RBN,46418400,0.74,349 RBN,250 RBN,599 RBN
0xf9A4800cF61aA3b4B44e88DBfB333AF2D9C6447B,304 RBN,46418400,0.74,112 RBN,80 RBN,192 RBN
0xf6aeF1044028907C86EB8581b1671e924392D3b4,28168 RBN,46418400,0.74,10365 RBN,7437 RBN,17803 RBN
0xfB7eb0427c687F706485DaE0b9F8D278684Fc7A2,1509 RBN,46418400,0.74,555 RBN,398 RBN,953 RBN
0x42C83B1a022aBd2eF6Cf46605fD60D404E578674,126 RBN,46418400,0.74,47 RBN,33 RBN,80 RBN
0x258D35E155485B0Dae6B36a74b7910f3ecdCB16D,1112 RBN,46418400,0.74,409 RBN,293 RBN,703 RBN
0x1Ba3b51d19ac5db17DDDf66d1393B8019c744C9A,5772 RBN,46418400,0.74,2124 RBN,1524 RBN,3648 RBN
0x8b371f753584c276845F59179d9687C3Ec4026a0,3302 RBN,46418400,0.74,1215 RBN,872 RBN,2087 RBN
0x434057Ad8ff687846789427B7a018328613c6686,147 RBN,47023200,0.75,55 RBN,37 RBN,92 RBN
0x359B0ceb2daBcBB6588645de3B480c8203aa5b76,10961 RBN,47023200,0.75,4086 RBN,2789 RBN,6875 RBN
0x2A1d6A315ae63829394A6A8f1A16dF6Acf85Da11,2658 RBN,14968800,0.24,316 RBN,2027 RBN,2343 RBN
0x31d3243CfB54B34Fc9C73e1CB1137124bD6B13E1,999999 RBN,47023200,0.75,372774 RBN,254452 RBN,627226 RBN
0xf5B347C6F050bD6163504D8E693bE7A349b9503b,5000 RBN,47023200,0.75,1864 RBN,1272 RBN,3136 RBN
0x5936AeE75f56548b487540d1B96f05ce69A05ed5,375 RBN,47023200,0.75,140 RBN,95 RBN,235 RBN
0xA2852A920A71BBc836f1c66520ed4abbf7F3E55d,83 RBN,47023200,0.75,31 RBN,21 RBN,52 RBN
0xf3C8D744a34b74fEca1B740b025ae124B42D56Ea,12859 RBN,51861600,0.75,4822 RBN,3214 RBN,8037 RBN
0x7846E0B4febD3092C0407Df34C6D34cF3464d55B,77 RBN,47023200,0.75,29 RBN,19 RBN,48 RBN
0xbB6077aA3c60179306C78F42FC73888fe8cB8f65,4784 RBN,17992800,0.29,682 RBN,3419 RBN,4101 RBN
0xa2D7B91d137ef87203dFcC52C51E90C8aD0EC4Bf,1121 RBN,47628000,0.75,420 RBN,280 RBN,700 RBN
0x6FeeeA64029F73e690EA024d16B6C3436A7D4078,106845 RBN,47628000,0.75,40067 RBN,26711 RBN,66778 RBN
0x8b5fd0C3527da8D2Dc08E49cCF396e37C3fF8E3e,1226 RBN,16178400,0.26,157 RBN,911 RBN,1069 RBN
0x49D2db5F6C17a5A2894f52125048aAA988850009,25 RBN,48232800,0.75,9 RBN,6 RBN,15 RBN
0xDCB7943F8454A5742b2B881b6eCfc8C7D198F631,57235 RBN,55490400,0.75,21463 RBN,14308 RBN,35772 RBN
0x32201A9acF337058536e3E727EE23584D3271bca,8578 RBN,2268000,0.04,154 RBN,8269 RBN,8424 RBN
0x296db021Fb093f87051d4ed82A8364661C91C35E,1006 RBN,48232800,0.75,377 RBN,251 RBN,629 RBN
0xDe3258C1C45a557F4924d1E4e3d0A4E5341607Ee,235086 RBN,16783200,0.27,31278 RBN,172530 RBN,203808 RBN
0x8530977587E25D70bEE825BdddcE3C516177B0E5,546 RBN,1058400,0.02,5 RBN,537 RBN,541 RBN
0x58973eE3bA62FF0AA4Af40B4dC374049D385586b,53238 RBN,17388000,0.28,7339 RBN,38561 RBN,45900 RBN
0x03894d4ac41Dd6C4c2f524eD4417C90fA46972c6,1 RBN,48837600,0.75,1 RBN,0 RBN,1 RBN
0x08ae44cE15D7635e1fF61d3F489986aF8bC5848D,117 RBN,48837600,0.75,44 RBN,29 RBN,73 RBN
0x09F49fbff836C8844dC729394b4d47E59eCEf964,16 RBN,25250400,0.40,3 RBN,10 RBN,13 RBN
0x03b0E4A19F357a112BE59d658eC4E2834d510F39,783 RBN,48837600,0.75,294 RBN,195 RBN,489 RBN
0xB21b02cc14711c96021b38746ECbA5b4288B07C9,6098 RBN,54280800,0.75,2287 RBN,1524 RBN,3811 RBN
0x80F39Aa13500b0743eb1E2dD64420966aE1bb972,240 RBN,1663200,0.03,3 RBN,234 RBN,237 RBN
0xbCA23a35425F4EEd385AC46c4E8C28ae996FFF4d,2043 RBN,49442400,0.75,766 RBN,510 RBN,1277 RBN
0x0CFBac656cd6624b70E32d446f897B03cF6bedA0,122 RBN,49442400,0.75,46 RBN,30 RBN,76 RBN
0xDAE02185fBF3fCfAA18cE3EFf6218A1d1C801Eb7,7545 RBN,2268000,0.04,136 RBN,7274 RBN,7410 RBN
0xFB4f025ED50E3a200D520c2CF60A198eCb584D6c,2002 RBN,49442400,0.75,751 RBN,500 RBN,1251 RBN
0x698fa9d90a61A190648CbB9e0e938bA0735e32a8,513 RBN,18597600,0.29,76 RBN,361 RBN,437 RBN
0xEaEAd3B256143fB48660A052a4EF42aB3C47F754,34 RBN,50047200,0.75,13 RBN,8 RBN,21 RBN
0xD92127901df1b4bD1e4512864Dc306587B22c770,1097 RBN,18597600,0.29,162 RBN,773 RBN,935 RBN
0x1E3ABB73D16304E4A2e6Adca967f3b8afcF9F9FE,2291 RBN,18597600,0.29,338 RBN,1615 RBN,1953 RBN
0xb5DC07e23308ec663E743B1196F5a5569E4E0555,5006 RBN,50047200,0.75,1878 RBN,1251 RBN,3129 RBN
0xc1178D5BADA448126A5054EAF4e7c2f3fCa5E974,5772 RBN,52466400,0.75,2165 RBN,1442 RBN,3607 RBN
0x6f5a8A35fb10EEcEF9128f407a0fe67B898556CF,46988 RBN,50047200,0.75,17621 RBN,11747 RBN,29368 RBN
0xb27A3775fe95F6A3222E53f40a3316032E47368a,12094 RBN,26460000,0.42,2537 RBN,7020 RBN,9557 RBN
0x380001bEdD8A91F1B48C5Aa9d8E851A50cc8934E,7998 RBN,50047200,0.75,2999 RBN,1999 RBN,4998 RBN
0xE22477e3CbD246214ED15298352500F14DE10e5e,2537 RBN,50047200,0.75,952 RBN,634 RBN,1586 RBN
0x736DdE3E0F5c588dDC53ad7f0F65667C0Cca2801,1277 RBN,50047200,0.75,479 RBN,319 RBN,798 RBN
0x29E3DdF94d76C97FcD43D07Fc8B15A03AD233A40,7934 RBN,50652000,0.75,2976 RBN,1983 RBN,4959 RBN
0xf0754756E71aac7aD2B6497E7006F5E44D68D592,2656 RBN,50652000,0.75,996 RBN,664 RBN,1660 RBN
0x351EA145EEF977872b39C9475E7d4aF1808316C8,187 RBN,50652000,0.75,70 RBN,46 RBN,116 RBN
0x3058A0D5e8E1A7B15dbF13eb3d411ee3EFea70D9,114 RBN,19202400,0.30,17 RBN,79 RBN,97 RBN
0x02b79dF8c38f29f39888557c0A89917Fd99ddF77,383253 RBN,50652000,0.75,143720 RBN,95813 RBN,239533 RBN
0xC10898edA672fDFc4Ac0228bB1Da9b2bF54C768f,266 RBN,50652000,0.75,100 RBN,66 RBN,166 RBN
0x11877a8b499cf00B030B37FE20575493F009cCa5,80 RBN,50652000,0.75,30 RBN,19 RBN,50 RBN
0x7Fc538CD464651460500cbC7614f8ceebFa35943,80 RBN,50652000,0.75,30 RBN,19 RBN,50 RBN
0x065E80b6a6c668Da2590688677716bD45Ff3bFCa,80 RBN,50652000,0.75,30 RBN,19 RBN,50 RBN
0x0fd16cCcEA5dd4bF248D8A8a02059eE5b95D7FE6,80 RBN,50652000,0.75,30 RBN,19 RBN,50 RBN
0xc67917B359641707a1EAfd1e7653A70d20cAecee,80 RBN,50652000,0.75,30 RBN,19 RBN,50 RBN
0xc79acA1c28F03574e5f5Bd88f6f79dE746728E4f,80 RBN,50652000,0.75,30 RBN,19 RBN,50 RBN
0x8eB5FE3E2553c246F4Af98e9FEc9bc60Aa2E2940,83 RBN,50652000,0.75,31 RBN,20 RBN,52 RBN
0xe7832071eD24f2437d5d292D7873A0B193C2B0d5,80 RBN,50652000,0.75,30 RBN,19 RBN,50 RBN
0xE58056FFB6f5C5056af172f3717a2f2BCEA053B6,80 RBN,50652000,0.75,30 RBN,19 RBN,50 RBN
0xfbC998663B1B28B42375C188e2fE6B30511dBAe3,80 RBN,50652000,0.75,30 RBN,19 RBN,50 RBN
0xfddc49410084e011B49888A39E4201C14cE2845b,3474 RBN,19202400,0.30,529 RBN,2417 RBN,2945 RBN
0x823bf98d9F1119Ae040aaef8118f13A612324112,7320 RBN,50652000,0.75,2745 RBN,1830 RBN,4575 RBN
0x76a95d549Ca36d955Df2c72F693690d8e51a94d0,3924 RBN,3477600,0.06,108 RBN,3707 RBN,3815 RBN
0x82dc92b01c7fF54911842956083795f60f6F64f4,1231 RBN,50652000,0.75,462 RBN,307 RBN,769 RBN
0x1BD658c933D592519d57FD728a1afB659F474D3B,34659 RBN,50652000,0.75,12997 RBN,8664 RBN,21661 RBN
0x31f45f2278a23Ef31A5485d3Aa98178e7F39710d,212525 RBN,50652000,0.75,79697 RBN,53131 RBN,132828 RBN
0x25A76D10b870c07000e9FEe68C901D9A354460ab,228 RBN,50652000,0.75,86 RBN,57 RBN,142 RBN
0x4eFaD0fA866Cd27b53327382022047C2c806293A,8424 RBN,4082400,0.06,273 RBN,7878 RBN,8151 RBN
0xCa86D57519dbFE34A25EEf0923b259ab07986B71,1761745 RBN,51256800,0.75,660655 RBN,440436 RBN,1101090 RBN
0xbD72008D301CB9c1C283C6ABdDd5D32BcE6A2Abc,5425 RBN,51256800,0.75,2034 RBN,1356 RBN,3390 RBN
0x1E2fCe2E2A821c254FC4E53b373586af07ED0008,7013 RBN,51256800,0.75,2630 RBN,1753 RBN,4383 RBN
0x7a44834D4dEC3F21a341dE51365fDefdD41faA98,2173 RBN,51256800,0.75,815 RBN,543 RBN,1358 RBN
0x8214de46Fd2D0efcaab33b77cf2662c44446cc17,2404 RBN,3477600,0.06,66 RBN,2271 RBN,2337 RBN
0x39d7Dad316f4eE3A241877C884eE55f971a7D52c,231 RBN,51256800,0.75,87 RBN,57 RBN,144 RBN
0x8542ab72e61aC4a276c69A8a18706B5Cd49b38Ee,1004 RBN,51256800,0.75,377 RBN,251 RBN,628 RBN
0x6C88aD01Aef7088EC0f8b2217c63Dadc8F136749,85 RBN,51256800,0.75,32 RBN,21 RBN,53 RBN
0x1fEC6F448Eb3ff479Ea9682F7eFf21A69762318f,473 RBN,51256800,0.75,177 RBN,118 RBN,295 RBN
0xbD46cD0e482e7979B37a16E43C831Fc9C1bEc997,80 RBN,51256800,0.75,30 RBN,20 RBN,50 RBN
0x35bB7ab3956738E0b6E9E1cbc1732D357bEE9793,381 RBN,51256800,0.75,143 RBN,95 RBN,238 RBN
0x236884bb674067C96fcBCc5dff728141E05BE99d,767 RBN,51256800,0.75,288 RBN,191 RBN,479 RBN
0x87d2543617c9839d048AbCF5B26d7f073B6A8826,97 RBN,51256800,0.75,37 RBN,24 RBN,61 RBN
0x4515957DAF1c5a1Cd2E24D000E909A0Ff6bE1975,30001 RBN,51256800,0.75,11250 RBN,7500 RBN,18750 RBN
0x343A1221b4949E90f53f6838A4B4BE9Cea744C7A,14651 RBN,46418400,0.74,5391 RBN,3868 RBN,9259 RBN
0xF977bF5f5CCB1BFd868BD95D563294494F0D5d89,614 RBN,51861600,0.75,230 RBN,153 RBN,384 RBN
0xb05eC421903eA5003Fe3f3f35B71E48b1c065F3c,1227 RBN,51861600,0.75,460 RBN,306 RBN,767 RBN
0xD55b9B0666D096FF16EBC2Bfe81994F6475D752C,427 RBN,51861600,0.75,160 RBN,106 RBN,267 RBN
0xE1d1c5F48f708aa038AA6A9976308Cd1d19D951a,843 RBN,51861600,0.75,316 RBN,210 RBN,527 RBN
0xdd4A19DC351Ba42421dB282196AF38b433AA86BA,495 RBN,51861600,0.75,186 RBN,123 RBN,309 RBN
0x61742dF6f341F84c59c408d203e7BD38BE3B85B0,51032 RBN,10735200,0.17,4343 RBN,42346 RBN,46689 RBN
0x70BF51137ab1b4b6de396Fa2FA157B98B1cb6313,35390 RBN,51861600,0.75,13271 RBN,8847 RBN,22118 RBN
0x02d57aB3eEcD0Fca44185E4ea6DE5490e096e5A1,1158 RBN,19807200,0.31,182 RBN,794 RBN,976 RBN
0xeFc983f57d41f895cc0123F794b7797D13aB07AB,41 RBN,4082400,0.06,1 RBN,38 RBN,40 RBN
0x61D9e931A72c9FB3eB9731dCc5A30f1F6C3ab63F,671 RBN,51861600,0.75,252 RBN,167 RBN,419 RBN
0x05ac3D28434804ec02eD9472490fC42D7e9E646d,423 RBN,51861600,0.75,159 RBN,105 RBN,264 RBN
0x1Bb0B115018E3b6B52D0dB7c5DdD8E8266d98c52,282 RBN,51861600,0.75,106 RBN,70 RBN,176 RBN
0xE72e9fB386c922125d33cE1BB62e3019bC060E3d,214 RBN,51861600,0.75,80 RBN,53 RBN,133 RBN
0x8e269D9C2804aAF5521f869026d551109774f93a,215 RBN,51861600,0.75,81 RBN,53 RBN,134 RBN
0xf3ef2a78e4A87E7Ac44683Bc039b4D4151D649B9,216 RBN,51861600,0.75,81 RBN,54 RBN,135 RBN
0x9497243478392B1F7f508874F606379F989C6eea,616 RBN,51861600,0.75,231 RBN,154 RBN,385 RBN
0xfB9A6bD2737dABf8974A30dF338F6335c2CE5DF8,1773 RBN,2872800,0.05,40 RBN,1692 RBN,1732 RBN
0x7798Ba9512B5A684C12e31518923Ea4221A41Fb9,247 RBN,51861600,0.75,93 RBN,61 RBN,154 RBN
0x070213e2aFd44154873F2A481CAA65095E31b78A,215 RBN,51861600,0.75,81 RBN,53 RBN,134 RBN
0x1e5778657415c6B21e58a0732E5BB3667D54891E,213 RBN,51861600,0.75,80 RBN,53 RBN,133 RBN
0xf4B8B34ED886372dC8171d1558b57c7921374aDB,214 RBN,51861600,0.75,80 RBN,53 RBN,133 RBN
0x519e19Eac9EAd404343c68224dD2A22C5c25F992,10011 RBN,51861600,0.75,3754 RBN,2502 RBN,6257 RBN
0xb5413E7a5027E7632746eD598dcAbf5fd1E4de6F,211 RBN,51861600,0.75,79 RBN,52 RBN,131 RBN
0x7846375a953a3Df168a6224ec924fb07EfA8157e,211 RBN,51861600,0.75,79 RBN,52 RBN,131 RBN
0x87628fD843D953021000Cd83DbED8a6A8194957E,370 RBN,51861600,0.75,139 RBN,92 RBN,231 RBN
0x1F70bC546eF296aBC20d6FCb2cff884f780c6a47,5772 RBN,20412000,0.32,934 RBN,3904 RBN,4838 RBN
0xb040E2536b9313609d17621067D210F24A8cAae2,3103 RBN,20412000,0.32,502 RBN,2098 RBN,2600 RBN
0xb957DccaA1CCFB1eB78B495B499801D591d8a403,222 RBN,51861600,0.75,83 RBN,55 RBN,138 RBN
0x53b66C4c61A1a2c6d0D15A287c27C03745208ebc,294 RBN,51861600,0.75,110 RBN,73 RBN,183 RBN
0xcB03e0C266e39E66d9AAfBD0b2C582f4c20cBd89,166 RBN,20412000,0.32,27 RBN,112 RBN,139 RBN
0x7221dCAcdaB745ebC827578DeE7c46ebc41ae7Eb,70679 RBN,4687200,0.07,2626 RBN,65427 RBN,68053 RBN
0x8330A84D3C16A55302f921C36979B1067418053a,50 RBN,51861600,0.75,19 RBN,12 RBN,31 RBN
0xd5507e08e13304Ce9baEA9C856c5AAe3275C8643,1078 RBN,18597600,0.29,159 RBN,760 RBN,919 RBN
0xE5c80A7963C0d8f4aB9c0bB8d854E47594Cf9394,138 RBN,51861600,0.75,52 RBN,34 RBN,86 RBN
0x358c84fAA7f860ab41b93edCcB7e64f7Eb330Bb1,836 RBN,51861600,0.75,314 RBN,209 RBN,522 RBN
0x86341e73d9Deb4696B1Ae50DBCe8F2D62FA06023,1598 RBN,51861600,0.75,599 RBN,399 RBN,998 RBN
0xCF2e0814DDF1587e06a66B479de3D0B7b151E5B8,103 RBN,20412000,0.32,17 RBN,69 RBN,86 RBN
0x642c76D07A8a4d0a23deb09A24E9AED5F02D0f11,1752 RBN,21016800,0.33,292 RBN,1168 RBN,1460 RBN
0x5a5A338Eb7F5BAF9b3FF72ce57424DEeCf23e154,409 RBN,4687200,0.07,15 RBN,379 RBN,394 RBN
0xD3630F1f6AFCd1440672638689d0006D95EF5DeC,328 RBN,52466400,0.75,123 RBN,82 RBN,205 RBN
0x31F8622fDFF22c95ebD21f986d1fC8f5450bf201,5 RBN,52466400,0.75,2 RBN,1 RBN,3 RBN
0x8700E852b867D18BaD0b95b26Ddb8CA80aC4b43b,6074 RBN,21016800,0.33,1012 RBN,4050 RBN,5062 RBN
0x42DAEB9CA091e3933c8eE93c029701b926b1f336,16551 RBN,14968800,0.24,1964 RBN,12623 RBN,14587 RBN
0x60A1B6EE4fF13EA1A5C9eD595218E1D1F11C84bf,684 RBN,21621600,0.34,117 RBN,449 RBN,567 RBN
0xfCAB61cD13E9e122A0521355578e205cf0474Ec0,2847 RBN,32508000,0.52,734 RBN,1379 RBN,2113 RBN
0x5E88e6B7440B05a04DD04e0af9CC29d36CE411c6,1068 RBN,53071200,0.75,401 RBN,267 RBN,667 RBN
0x5EF2CC4726691F9B39183579DC9D0ad3b2E7ca0A,2 RBN,53071200,0.75,1 RBN,0 RBN,1 RBN
0xCE00D15aEe4f6e84F8d2161B0DcBFeB371ec53d9,1317 RBN,6501600,0.10,68 RBN,1181 RBN,1249 RBN
0x94Bc8598ffaEdC6a19F3412c9eDaec38bfB2008f,529 RBN,22226400,0.35,93 RBN,342 RBN,436 RBN
0xE2181699445dF030fE4dd57A74b2E539bDE38D3f,350 RBN,6501600,0.10,18 RBN,313 RBN,331 RBN
0x8fD7b37DF552CC72F2c317B365E151AD6b54B7A4,193 RBN,54280800,0.75,72 RBN,48 RBN,120 RBN
0xeE6A11695A33358B08c75684805770Aca89CDB95,1675 RBN,54280800,0.75,628 RBN,418 RBN,1047 RBN
0xe6b5A31d8bb53D2C769864aC137fe25F4989f1fd,45 RBN,54280800,0.75,17 RBN,11 RBN,28 RBN
0x84F6b432De07cCee2A066ca040c920Bc3c63fBc9,211 RBN,54280800,0.75,79 RBN,52 RBN,132 RBN
0x9D32F1e7C5fF707e92b4B30937A1e5E2C2De2462,330 RBN,54280800,0.75,124 RBN,82 RBN,206 RBN
0x899B2d61a5943Dd2452cbc9Ff5d158c63a2275dd,5 RBN,54280800,0.75,2 RBN,1 RBN,3 RBN
0x1775A13ddee0231080eb9662cF3ac25041cE1427,1989 RBN,54280800,0.75,746 RBN,497 RBN,1243 RBN
0x6CdD03d102c53d09570c095eDa3E3Fc76AEDfd1A,8424 RBN,54280800,0.75,3159 RBN,2106 RBN,5265 RBN
0x1dF2535cf0956AbEC21C4738534885d3849d6578,209 RBN,54280800,0.75,78 RBN,52 RBN,130 RBN
0x427Ed2c465B3984F275e42B4E3B083fE890F371B,5952 RBN,39765600,0.63,1877 RBN,2199 RBN,4076 RBN
0x8a4a50B13Fd2cb36FeB96c408CB98B4c9F2b8F25,11 RBN,54885600,0.75,4 RBN,2 RBN,7 RBN
0x52Fe678Bb145d6F0A72ab8138286c6A0Fa726388,2408 RBN,54885600,0.75,903 RBN,602 RBN,1505 RBN
0x9Bc782118f3D275a941f0842Ef09c67Ba7D0B5B6,545 RBN,55490400,0.75,205 RBN,136 RBN,341 RBN
0x92Ba20d7077412773FF8D48cc95D4b12e4b5157b,1909 RBN,24040800,0.38,364 RBN,1181 RBN,1545 RBN
0x856f355576fE64eEe5b8f0717E3dDdB1D3589709,747 RBN,55490400,0.75,280 RBN,186 RBN,467 RBN
0xfBf41e9885447303F30809Ac6E73e58a30E2ac66,261 RBN,24040800,0.38,50 RBN,161 RBN,211 RBN
0x4c9F7207be28278b9DCA129f2e211AcfFf48Fb01,49999 RBN,24645600,0.39,9769 RBN,30462 RBN,40231 RBN
0x9594c04C3324f38d8ba446f6b4A9B682C06d75E1,370 RBN,56095200,0.75,139 RBN,92 RBN,231 RBN
0x58981C1B4c6E735caeD9bCA6d1CAa1c97Ae1246a,702 RBN,1058400,0.02,6 RBN,690 RBN,696 RBN
0x60dd456273Cbb018C2222621d4c2Dc5016E870d3,177 RBN,56700000,0.75,66 RBN,44 RBN,110 RBN
0xc01a3b90d0A895F555AE806A1133f42ba904AACa,35 RBN,25250400,0.40,7 RBN,20 RBN,27 RBN
0xF13081c2fd2b9FeCe2e084174ef35dac9a05267C,20592 RBN,56700000,0.75,7722 RBN,5148 RBN,12870 RBN
0x92aE5d053b8bD67657614B9CB01337c72eA20f0A,1964 RBN,25250400,0.40,393 RBN,1178 RBN,1571 RBN
0x5170D7C08dbBaeFD89DC8d0d8fEC57C373FDF79d,20377 RBN,60933600,0.75,7642 RBN,5094 RBN,12735 RBN
0x3dDDaA942740b3B5C8688240a230845F09699771,1220 RBN,57909600,0.75,458 RBN,305 RBN,762 RBN
0xFC1bc5a9867e9C5E671c5B33cfb60addb970B695,3664 RBN,10735200,0.17,312 RBN,3040 RBN,3352 RBN
0x35C4fB87e383403fa50Be1047e8445e4e228AB56,218 RBN,57909600,0.75,82 RBN,54 RBN,136 RBN
0xAc7Cf2D439C052Fc795B157663F5257A67cdeC11,1545 RBN,57909600,0.75,579 RBN,386 RBN,965 RBN
0x6F98670A3375B2950Ada1A60842abd1469c284B7,160 RBN,2872800,0.05,4 RBN,153 RBN,157 RBN
0x41f0AB034F636dD68DC1ab225c37D8b43e249c49,5213 RBN,58514400,0.75,1955 RBN,1303 RBN,3258 RBN
0x47c7901b7EB9DB736Da98B957CA3A7f8e6c984E1,8127 RBN,58514400,0.75,3048 RBN,2031 RBN,5079 RBN
0xEF1555a5b28fe857998b546eb6Bc04C8fc1A23C5,1260 RBN,58514400,0.75,473 RBN,315 RBN,787 RBN
0xa2b00E3E2432FDF3c404156Cd4F5eaE45ffA83c3,448 RBN,58514400,0.75,168 RBN,112 RBN,280 RBN
0x55f571c0B4c0BF99fcEf1587e6B15680e9e7dc2a,321 RBN,58514400,0.75,120 RBN,80 RBN,200 RBN
0x69e69571d0d07EdBEde6c43849e8d877573eE6bf,152 RBN,58514400,0.75,57 RBN,38 RBN,95 RBN
0x37D11fAD5FC57562eb12b7c575958C9a2Bcf843C,776 RBN,3477600,0.06,21 RBN,733 RBN,754 RBN
0xcBE66a273F8d9b454A05801801fD7CD5d2eb6543,49234 RBN,58514400,0.75,18463 RBN,12308 RBN,30771 RBN
0x14f13f150A810E70a168bf377A452b9C741A0641,3448 RBN,58514400,0.75,1293 RBN,862 RBN,2155 RBN
0x06C13b8cCfbFf773bc39b52D7F5D3CB8570e74E4,51 RBN,58514400,0.75,19 RBN,12 RBN,32 RBN
0xcb4C31b4dfc506c30d4e8e1f8a5F8955Cbfc0373,2200 RBN,58514400,0.75,825 RBN,550 RBN,1375 RBN
0x227E687B0d1B62eBC2880077810516C412992774,446 RBN,3477600,0.06,12 RBN,422 RBN,434 RBN
0xc00d8dAC46b1F8bcEae2477591822B4E5B0a7C6b,7294 RBN,27064800,0.43,1565 RBN,4164 RBN,5729 RBN
0x3920a48056Df2B52d4CC0dBdc6e750164f92B495,1502 RBN,59119200,0.75,563 RBN,375 RBN,938 RBN
0x577c10a65B8bd49D082FD2850e2Fe42c3B82Dae9,35 RBN,59119200,0.75,13 RBN,8 RBN,21 RBN
0x654b1DE76443C423aFD304583EBa886fE66b54a7,7 RBN,59724000,0.75,3 RBN,1 RBN,4 RBN
0xd8c31BfE46800DCE48e0372C77A637b945060310,1 RBN,59724000,0.75,0 RBN,0 RBN,0 RBN
0x7e1E1c5ac70038a9718431C92A618F01f8DADa18,502 RBN,59724000,0.75,188 RBN,125 RBN,313 RBN
0x3b1ffA0B9c7e6C5B2804Ed144E47aA7ce100abad,51 RBN,59724000,0.75,19 RBN,12 RBN,32 RBN
0x4F4bD77781cEeE4914B6bC16633D5437eaBCa5D3,35 RBN,59724000,0.75,13 RBN,8 RBN,21 RBN
0x099C50BeE65EeCDcd209C38f1207fc334ea5eaB1,2277 RBN,28274400,0.45,510 RBN,1256 RBN,1766 RBN
0xe14F0F83Db016E7C23eFC78C3110cCd3Ef3cF20E,1974 RBN,28274400,0.45,443 RBN,1089 RBN,1532 RBN
0xE7e1c9a4F3d0A3606bdCC8dA2608175e7C5F2dAA,11211 RBN,12549600,0.20,1115 RBN,8980 RBN,10096 RBN
0xed9A912182745fE101ecb4291D00b802d982Ba0F,95 RBN,60328800,0.75,36 RBN,23 RBN,59 RBN
0x0ce7758362B1dD1Fd08Bc427d810Bd45F2920a4E,50 RBN,5292000,0.08,2 RBN,45 RBN,47 RBN
0xbC91F08937F3429ECb118658CA70f9e2B1C127c9,83 RBN,28879200,0.46,19 RBN,45 RBN,64 RBN
0x87b6c1E90087d6A0FC392e5250A6203Eb09e1B54,10117 RBN,60328800,0.75,3794 RBN,2529 RBN,6323 RBN
0x19bB8BCd92a41288e1682B6F03cc119fe850Ad53,261 RBN,5292000,0.08,11 RBN,239 RBN,250 RBN
0xe53E33D9511B69B4f46dae4959E2DDc40EF1C4A2,3038 RBN,13154400,0.21,317 RBN,2404 RBN,2721 RBN
0x144B4cC92A72cfaB61bad96E4DaD17699478b789,4085 RBN,5292000,0.08,171 RBN,3742 RBN,3914 RBN
0x80D767C534093680222211e1199a5C7492947420,10542 RBN,26460000,0.42,2211 RBN,6119 RBN,8331 RBN
0xd49A5f128318874dE690EBf2c85623232008D964,643 RBN,60933600,0.75,241 RBN,160 RBN,402 RBN
0x115fF71B91D2679CcEA6aA55ac8E6721E4417d35,3395 RBN,13759200,0.22,370 RBN,2655 RBN,3025 RBN
0xf2B1a4180bbC685CD978E87493f03b18cEB37Fd6,300 RBN,60933600,0.75,113 RBN,75 RBN,187 RBN
0xa273e764492Eb237fc24c29Ff4586A999D180326,43195 RBN,13759200,0.22,4712 RBN,33772 RBN,38483 RBN
0x51D0eb116Ecbfd3b82163f713887e62A78E1befa,4988 RBN,60933600,0.75,1871 RBN,1247 RBN,3117 RBN
0xC7B42F99c63126B22858f4eEd636f805CFe82c91,498 RBN,60933600,0.75,187 RBN,124 RBN,311 RBN
0xdcbea49587252B704B903e7295983E2CEB53Af3d,3700 RBN,29484000,0.47,865 RBN,1970 RBN,2835 RBN
0x7f8465EEF5e95c04bC79347B658376295a6DB850,7404 RBN,14364000,0.23,843 RBN,5718 RBN,6561 RBN
0x8f3b7cebAe383B698bB6aCeE946f70b3a787294c,1918 RBN,26460000,0.42,402 RBN,1113 RBN,1516 RBN
0x5004FD066F066669C73E0BbDf55F1079707c0A4d,62 RBN,61538400,0.75,23 RBN,15 RBN,39 RBN
0x03Ef040e2Bf78593e49d58447044C50B5b3475A1,2083 RBN,61538400,0.75,781 RBN,520 RBN,1301 RBN
0x21DdDb54130831b40A034785F66039bbBB46a64C,85800 RBN,7106400,0.11,4834 RBN,76133 RBN,80966 RBN
0xBce338B553195f9EF224F7854e89D4aA75c8B83A,430 RBN,7106400,0.11,24 RBN,382 RBN,406 RBN
0x30086306Afc449739Fd7e320600715CE132c360d,71 RBN,62748000,0.75,27 RBN,17 RBN,44 RBN
